S1,S2,S3,S4,S5,S6,S7,S8,S9,S10,S11,S12,S13,S14,S15,S16,S17,S18,S19,S20,S21,S22,S23,S24,S25,S26,S27,S28,S29,t,Exercise,ExerciseMode
"(-7781.0, -7215.0]","(-8101.0, -6908.5]","(-20456.1, -19579.15]","(-15064.2, -13936.6]","(-14926.9, -13423.35]","(-26622.4, -26354.3]","(-298.2, 1382.6]","(20033.4, 21625.1]","(-9879.5, -7036.4]","(249.4, 2297.35]","(3487.4, 5974.6]","(-11211.6, -9086.55]","(-13003.0, -11936.6]","(-1678.7, 249.25]","(-17994.5, -16949.25]","(-32691.2, -32690.8]","(-24526.95, -23317.9]","(-15286.4, -13797.8]","(-7289.0, -5396.6]","(-28945.7, -28669.6]","(-16042.5, -15333.2]","(31832.3, 32767.0]","(-8268.6, -7933.25]","(-21807.234, -20469.3]","(683.8, 2447.6]","(-21921.9, -20760.55]","(-19426.55, -18585.4]","(-22906.72, -21799.0]","(12137.8, 13388.6]",0.0,1,1
"(-7781.0, -7215.0]","(-8101.0, -6908.5]","(-20456.1, -19579.15]","(-15064.2, -13936.6]","(-14926.9, -13423.35]","(-26622.4, -26354.3]","(-298.2, 1382.6]","(20033.4, 21625.1]","(-9879.5, -7036.4]","(249.4, 2297.35]","(3487.4, 5974.6]","(-11211.6, -9086.55]","(-13003.0, -11936.6]","(-1678.7, 249.25]","(-19039.75, -17994.5]","(-32690.4, -32690.0]","(-24526.95, -23317.9]","(-15286.4, -13797.8]","(-7289.0, -5396.6]","(-28945.7, -28669.6]","(-16042.5, -15333.2]","(31832.3, 32767.0]","(-8268.6, -7933.25]","(-21807.234, -20469.3]","(683.8, 2447.6]","(-21921.9, -20760.55]","(-19426.55, -18585.4]","(-22906.72, -21799.0]","(12137.8, 13388.6]",0.03,1,1
"(-7781.0, -7215.0]","(-8101.0, -6908.5]","(-20456.1, -19579.15]","(-15064.2, -13936.6]","(-14926.9, -13423.35]","(-26622.4, -26354.3]","(-298.2, 1382.6]","(20033.4, 21625.1]","(-9879.5, -7036.4]","(249.4, 2297.35]","(3487.4, 5974.6]","(-11211.6, -9086.55]","(-13003.0, -11936.6]","(-1678.7, 249.25]","(-19039.75, -17994.5]","(-32691.2, -32690.8]","(-24526.95, -23317.9]","(-15286.4, -13797.8]","(-7289.0, -5396.6]","(-28945.7, -28669.6]","(-16042.5, -15333.2]","(31832.3, 32767.0]","(-8268.6, -7933.25]","(-21807.234, -20469.3]","(683.8, 2447.6]","(-21921.9, -20760.55]","(-19426.55, -18585.4]","(-22906.72, -21799.0]","(12137.8, 13388.6]",0.06,1,1
"(-7781.0, -7215.0]","(-8101.0, -6908.5]","(-20456.1, -19579.15]","(-15064.2, -13936.6]","(-14926.9, -13423.35]","(-26622.4, -26354.3]","(-298.2, 1382.6]","(20033.4, 21625.1]","(-9879.5, -7036.4]","(249.4, 2297.35]","(3487.4, 5974.6]","(-11211.6, -9086.55]","(-13003.0, -11936.6]","(-1678.7, 249.25]","(-19039.75, -17994.5]","(-32690.4, -32690.0]","(-24526.95, -23317.9]","(-15286.4, -13797.8]","(-7289.0, -5396.6]","(-28945.7, -28669.6]","(-16042.5, -15333.2]","(31832.3, 32767.0]","(-8268.6, -7933.25]","(-21807.234, -20469.3]","(683.8, 2447.6]","(-21921.9, -20760.55]","(-19426.55, -18585.4]","(-22906.72, -21799.0]","(12137.8, 13388.6]",0.09,1,1
"(-7781.0, -7215.0]","(-8101.0, -6908.5]","(-20456.1, -19579.15]","(-15064.2, -13936.6]","(-14926.9, -13423.35]","(-26622.4, -26354.3]","(-298.2, 1382.6]","(20033.4, 21625.1]","(-9879.5, -7036.4]","(249.4, 2297.35]","(3487.4, 5974.6]","(-11211.6, -9086.55]","(-13003.0, -11936.6]","(-1678.7, 249.25]","(-19039.75, -17994.5]","(-32690.4, -32690.0]","(-24526.95, -23317.9]","(-15286.4, -13797.8]","(-7289.0, -5396.6]","(-28945.7, -28669.6]","(-16042.5, -15333.2]","(31832.3, 32767.0]","(-8268.6, -7933.25]","(-21807.234, -20469.3]","(683.8, 2447.6]","(-21921.9, -20760.55]","(-19426.55, -18585.4]","(-22906.72, -21799.0]","(12137.8, 13388.6]",0.12,1,1
"(-7781.0, -7215.0]","(-8101.0, -6908.5]","(-20456.1, -19579.15]","(-15064.2, -13936.6]","(-14926.9, -13423.35]","(-26622.4, -26354.3]","(-298.2, 1382.6]","(20033.4, 21625.1]","(-9879.5, -7036.4]","(249.4, 2297.35]","(3487.4, 5974.6]","(-11211.6, -9086.55]","(-13003.0, -11936.6]","(-1678.7, 249.25]","(-19039.75, -17994.5]","(-32690.4, -32690.0]","(-24526.95, -23317.9]","(-15286.4, -13797.8]","(-7289.0, -5396.6]","(-28945.7, -28669.6]","(-16042.5, -15333.2]","(31832.3, 32767.0]","(-8268.6, -7933.25]","(-21807.234, -20469.3]","(683.8, 2447.6]","(-21921.9, -20760.55]","(-19426.55, -18585.4]","(-22906.72, -21799.0]","(12137.8, 13388.6]",0.15,1,1
"(-7781.0, -7215.0]","(-8101.0, -6908.5]","(-20456.1, -19579.15]","(-15064.2, -13936.6]","(-14926.9, -13423.35]","(-26622.4, -26354.3]","(-298.2, 1382.6]","(20033.4, 21625.1]","(-9879.5, -7036.4]","(249.4, 2297.35]","(3487.4, 5974.6]","(-11211.6, -9086.55]","(-13003.0, -11936.6]","(-1678.7, 249.25]","(-19039.75, -17994.5]","(-32690.4, -32690.0]","(-24526.95, -23317.9]","(-15286.4, -13797.8]","(-7289.0, -5396.6]","(-28945.7, -28669.6]","(-16042.5, -15333.2]","(31832.3, 32767.0]","(-8268.6, -7933.25]","(-21807.234, -20469.3]","(683.8, 2447.6]","(-21921.9, -20760.55]","(-19426.55, -18585.4]","(-22906.72, -21799.0]","(12137.8, 13388.6]",0.18,1,1
"(-7781.0, -7215.0]","(-8101.0, -6908.5]","(-20456.1, -19579.15]","(-15064.2, -13936.6]","(-14926.9, -13423.35]","(-26622.4, -26354.3]","(-298.2, 1382.6]","(20033.4, 21625.1]","(-9879.5, -7036.4]","(249.4, 2297.35]","(3487.4, 5974.6]","(-11211.6, -9086.55]","(-13003.0, -11936.6]","(-1678.7, 249.25]","(-19039.75, -17994.5]","(-32691.2, -32690.8]","(-24526.95, -23317.9]","(-15286.4, -13797.8]","(-7289.0, -5396.6]","(-28945.7, -28669.6]","(-16042.5, -15333.2]","(31832.3, 32767.0]","(-8268.6, -7933.25]","(-21807.234, -20469.3]","(683.8, 2447.6]","(-21921.9, -20760.55]","(-19426.55, -18585.4]","(-22906.72, -21799.0]","(12137.8, 13388.6]",0.21,1,1
"(-7781.0, -7215.0]","(-8101.0, -6908.5]","(-20456.1, -19579.15]","(-15064.2, -13936.6]","(-14926.9, -13423.35]","(-26622.4, -26354.3]","(-298.2, 1382.6]","(20033.4, 21625.1]","(-9879.5, -7036.4]","(249.4, 2297.35]","(3487.4, 5974.6]","(-11211.6, -9086.55]","(-13003.0, -11936.6]","(-1678.7, 249.25]","(-19039.75, -17994.5]","(-32690.4, -32690.0]","(-24526.95, -23317.9]","(-15286.4, -13797.8]","(-7289.0, -5396.6]","(-28945.7, -28669.6]","(-16042.5, -15333.2]","(31832.3, 32767.0]","(-8268.6, -7933.25]","(-21807.234, -20469.3]","(683.8, 2447.6]","(-21921.9, -20760.55]","(-19426.55, -18585.4]","(-22906.72, -21799.0]","(12137.8, 13388.6]",0.24,1,1
"(-7781.0, -7215.0]","(-8101.0, -6908.5]","(-20456.1, -19579.15]","(-15064.2, -13936.6]","(-14926.9, -13423.35]","(-26622.4, -26354.3]","(-298.2, 1382.6]","(20033.4, 21625.1]","(-9879.5, -7036.4]","(249.4, 2297.35]","(3487.4, 5974.6]","(-11211.6, -9086.55]","(-13003.0, -11936.6]","(-1678.7, 249.25]","(-17994.5, -16949.25]","(-32690.4, -32690.0]","(-24526.95, -23317.9]","(-15286.4, -13797.8]","(-7289.0, -5396.6]","(-28945.7, -28669.6]","(-16042.5, -15333.2]","(31832.3, 32767.0]","(-8268.6, -7933.25]","(-21807.234, -20469.3]","(683.8, 2447.6]","(-21921.9, -20760.55]","(-19426.55, -18585.4]","(-22906.72, -21799.0]","(12137.8, 13388.6]",0.27,1,1
"(-7781.0, -7215.0]","(-8101.0, -6908.5]","(-20456.1, -19579.15]","(-15064.2, -13936.6]","(-14926.9, -13423.35]","(-26622.4, -26354.3]","(-298.2, 1382.6]","(20033.4, 21625.1]","(-9879.5, -7036.4]","(249.4, 2297.35]","(3487.4, 5974.6]","(-11211.6, -9086.55]","(-13003.0, -11936.6]","(-1678.7, 249.25]","(-17994.5, -16949.25]","(-32690.4, -32690.0]","(-24526.95, -23317.9]","(-15286.4, -13797.8]","(-7289.0, -5396.6]","(-28945.7, -28669.6]","(-16042.5, -15333.2]","(31832.3, 32767.0]","(-8268.6, -7933.25]","(-21807.234, -20469.3]","(683.8, 2447.6]","(-21921.9, -20760.55]","(-19426.55, -18585.4]","(-22906.72, -21799.0]","(12137.8, 13388.6]",0.3,1,1
"(-7781.0, -7215.0]","(-8101.0, -6908.5]","(-20456.1, -19579.15]","(-15064.2, -13936.6]","(-14926.9, -13423.35]","(-26622.4, -26354.3]","(-1979.0, -298.2]","(20033.4, 21625.1]","(-9879.5, -7036.4]","(249.4, 2297.35]","(3487.4, 5974.6]","(-11211.6, -9086.55]","(-13003.0, -11936.6]","(-1678.7, 249.25]","(-19039.75, -17994.5]","(-32691.2, -32690.8]","(-24526.95, -23317.9]","(-15286.4, -13797.8]","(-7289.0, -5396.6]","(-28945.7, -28669.6]","(-16042.5, -15333.2]","(31832.3, 32767.0]","(-8268.6, -7933.25]","(-21807.234, -20469.3]","(683.8, 2447.6]","(-21921.9, -20760.55]","(-19426.55, -18585.4]","(-22906.72, -21799.0]","(12137.8, 13388.6]",0.32999999999999996,1,1
"(-7781.0, -7215.0]","(-8101.0, -6908.5]","(-20456.1, -19579.15]","(-15064.2, -13936.6]","(-14926.9, -13423.35]","(-26622.4, -26354.3]","(-1979.0, -298.2]","(20033.4, 21625.1]","(-9879.5, -7036.4]","(249.4, 2297.35]","(3487.4, 5974.6]","(-11211.6, -9086.55]","(-13003.0, -11936.6]","(-1678.7, 249.25]","(-19039.75, -17994.5]","(-32690.4, -32690.0]","(-24526.95, -23317.9]","(-15286.4, -13797.8]","(-7289.0, -5396.6]","(-28945.7, -28669.6]","(-16042.5, -15333.2]","(31832.3, 32767.0]","(-8268.6, -7933.25]","(-21807.234, -20469.3]","(683.8, 2447.6]","(-21921.9, -20760.55]","(-19426.55, -18585.4]","(-22906.72, -21799.0]","(12137.8, 13388.6]",0.36,1,1
"(-7781.0, -7215.0]","(-8101.0, -6908.5]","(-20456.1, -19579.15]","(-15064.2, -13936.6]","(-14926.9, -13423.35]","(-26622.4, -26354.3]","(-1979.0, -298.2]","(20033.4, 21625.1]","(-9879.5, -7036.4]","(249.4, 2297.35]","(3487.4, 5974.6]","(-11211.6, -9086.55]","(-13003.0, -11936.6]","(-1678.7, 249.25]","(-17994.5, -16949.25]","(-32691.2, -32690.8]","(-24526.95, -23317.9]","(-15286.4, -13797.8]","(-7289.0, -5396.6]","(-28945.7, -28669.6]","(-16042.5, -15333.2]","(31832.3, 32767.0]","(-8268.6, -7933.25]","(-21807.234, -20469.3]","(683.8, 2447.6]","(-21921.9, -20760.55]","(-19426.55, -18585.4]","(-22906.72, -21799.0]","(12137.8, 13388.6]",0.39,1,1
"(-7781.0, -7215.0]","(-8101.0, -6908.5]","(-20456.1, -19579.15]","(-15064.2, -13936.6]","(-14926.9, -13423.35]","(-26622.4, -26354.3]","(-1979.0, -298.2]","(20033.4, 21625.1]","(-9879.5, -7036.4]","(249.4, 2297.35]","(3487.4, 5974.6]","(-11211.6, -9086.55]","(-13003.0, -11936.6]","(-1678.7, 249.25]","(-17994.5, -16949.25]","(-32691.2, -32690.8]","(-24526.95, -23317.9]","(-15286.4, -13797.8]","(-7289.0, -5396.6]","(-28945.7, -28669.6]","(-16042.5, -15333.2]","(31832.3, 32767.0]","(-8268.6, -7933.25]","(-21807.234, -20469.3]","(683.8, 2447.6]","(-21921.9, -20760.55]","(-19426.55, -18585.4]","(-22906.72, -21799.0]","(12137.8, 13388.6]",0.42,1,1
"(-7781.0, -7215.0]","(-8101.0, -6908.5]","(-20456.1, -19579.15]","(-15064.2, -13936.6]","(-14926.9, -13423.35]","(-26622.4, -26354.3]","(-1979.0, -298.2]","(20033.4, 21625.1]","(-9879.5, -7036.4]","(249.4, 2297.35]","(3487.4, 5974.6]","(-11211.6, -9086.55]","(-13003.0, -11936.6]","(-1678.7, 249.25]","(-17994.5, -16949.25]","(-32690.4, -32690.0]","(-24526.95, -23317.9]","(-15286.4, -13797.8]","(-7289.0, -5396.6]","(-28945.7, -28669.6]","(-16042.5, -15333.2]","(31832.3, 32767.0]","(-8268.6, -7933.25]","(-21807.234, -20469.3]","(683.8, 2447.6]","(-21921.9, -20760.55]","(-19426.55, -18585.4]","(-22906.72, -21799.0]","(12137.8, 13388.6]",0.44999999999999996,1,1
"(-7781.0, -7215.0]","(-8101.0, -6908.5]","(-20456.1, -19579.15]","(-15064.2, -13936.6]","(-14926.9, -13423.35]","(-26622.4, -26354.3]","(-1979.0, -298.2]","(20033.4, 21625.1]","(-9879.5, -7036.4]","(249.4, 2297.35]","(3487.4, 5974.6]","(-11211.6, -9086.55]","(-13003.0, -11936.6]","(-1678.7, 249.25]","(-17994.5, -16949.25]","(-32689.2, -32688.8]","(-24526.95, -23317.9]","(-15286.4, -13797.8]","(-7289.0, -5396.6]","(-28945.7, -28669.6]","(-16042.5, -15333.2]","(31832.3, 32767.0]","(-8268.6, -7933.25]","(-21807.234, -20469.3]","(683.8, 2447.6]","(-21921.9, -20760.55]","(-19426.55, -18585.4]","(-22906.72, -21799.0]","(12137.8, 13388.6]",0.48,1,1
"(-7781.0, -7215.0]","(-8101.0, -6908.5]","(-20456.1, -19579.15]","(-15064.2, -13936.6]","(-14926.9, -13423.35]","(-26622.4, -26354.3]","(-1979.0, -298.2]","(20033.4, 21625.1]","(-9879.5, -7036.4]","(249.4, 2297.35]","(3487.4, 5974.6]","(-11211.6, -9086.55]","(-13003.0, -11936.6]","(-1678.7, 249.25]","(-19039.75, -17994.5]","(-32691.2, -32690.8]","(-24526.95, -23317.9]","(-15286.4, -13797.8]","(-7289.0, -5396.6]","(-28945.7, -28669.6]","(-16042.5, -15333.2]","(31832.3, 32767.0]","(-8268.6, -7933.25]","(-21807.234, -20469.3]","(683.8, 2447.6]","(-21921.9, -20760.55]","(-19426.55, -18585.4]","(-22906.72, -21799.0]","(12137.8, 13388.6]",0.51,1,1
"(-7781.0, -7215.0]","(-8101.0, -6908.5]","(-20456.1, -19579.15]","(-15064.2, -13936.6]","(-14926.9, -13423.35]","(-26622.4, -26354.3]","(-1979.0, -298.2]","(20033.4, 21625.1]","(-9879.5, -7036.4]","(249.4, 2297.35]","(3487.4, 5974.6]","(-11211.6, -9086.55]","(-13003.0, -11936.6]","(-1678.7, 249.25]","(-17994.5, -16949.25]","(-32691.2, -32690.8]","(-24526.95, -23317.9]","(-15286.4, -13797.8]","(-7289.0, -5396.6]","(-28945.7, -28669.6]","(-16042.5, -15333.2]","(31832.3, 32767.0]","(-8268.6, -7933.25]","(-21807.234, -20469.3]","(683.8, 2447.6]","(-21921.9, -20760.55]","(-19426.55, -18585.4]","(-22906.72, -21799.0]","(12137.8, 13388.6]",0.54,1,1
"(-7781.0, -7215.0]","(-8101.0, -6908.5]","(-20456.1, -19579.15]","(-15064.2, -13936.6]","(-14926.9, -13423.35]","(-26622.4, -26354.3]","(-1979.0, -298.2]","(20033.4, 21625.1]","(-9879.5, -7036.4]","(249.4, 2297.35]","(3487.4, 5974.6]","(-11211.6, -9086.55]","(-13003.0, -11936.6]","(-1678.7, 249.25]","(-19039.75, -17994.5]","(-32691.2, -32690.8]","(-24526.95, -23317.9]","(-15286.4, -13797.8]","(-7289.0, -5396.6]","(-28945.7, -28669.6]","(-16042.5, -15333.2]","(31832.3, 32767.0]","(-8268.6, -7933.25]","(-21807.234, -20469.3]","(683.8, 2447.6]","(-21921.9, -20760.55]","(-19426.55, -18585.4]","(-22906.72, -21799.0]","(12137.8, 13388.6]",0.57,1,1
"(-7781.0, -7215.0]","(-8101.0, -6908.5]","(-20456.1, -19579.15]","(-15064.2, -13936.6]","(-14926.9, -13423.35]","(-26622.4, -26354.3]","(-1979.0, -298.2]","(20033.4, 21625.1]","(-9879.5, -7036.4]","(249.4, 2297.35]","(3487.4, 5974.6]","(-11211.6, -9086.55]","(-13003.0, -11936.6]","(-1678.7, 249.25]","(-19039.75, -17994.5]","(-32690.4, -32690.0]","(-24526.95, -23317.9]","(-15286.4, -13797.8]","(-7289.0, -5396.6]","(-28945.7, -28669.6]","(-16042.5, -15333.2]","(31832.3, 32767.0]","(-8268.6, -7933.25]","(-21807.234, -20469.3]","(683.8, 2447.6]","(-21921.9, -20760.55]","(-19426.55, -18585.4]","(-22906.72, -21799.0]","(12137.8, 13388.6]",0.6,1,1
"(-7781.0, -7215.0]","(-8101.0, -6908.5]","(-20456.1, -19579.15]","(-15064.2, -13936.6]","(-14926.9, -13423.35]","(-26622.4, -26354.3]","(-1979.0, -298.2]","(20033.4, 21625.1]","(-9879.5, -7036.4]","(249.4, 2297.35]","(3487.4, 5974.6]","(-11211.6, -9086.55]","(-13003.0, -11936.6]","(-1678.7, 249.25]","(-17994.5, -16949.25]","(-32690.4, -32690.0]","(-24526.95, -23317.9]","(-15286.4, -13797.8]","(-7289.0, -5396.6]","(-28945.7, -28669.6]","(-16042.5, -15333.2]","(31832.3, 32767.0]","(-8268.6, -7933.25]","(-21807.234, -20469.3]","(683.8, 2447.6]","(-21921.9, -20760.55]","(-19426.55, -18585.4]","(-22906.72, -21799.0]","(12137.8, 13388.6]",0.63,1,1
"(-7781.0, -7215.0]","(-8101.0, -6908.5]","(-20456.1, -19579.15]","(-15064.2, -13936.6]","(-14926.9, -13423.35]","(-26622.4, -26354.3]","(-1979.0, -298.2]","(20033.4, 21625.1]","(-9879.5, -7036.4]","(249.4, 2297.35]","(3487.4, 5974.6]","(-11211.6, -9086.55]","(-13003.0, -11936.6]","(-1678.7, 249.25]","(-19039.75, -17994.5]","(-32690.4, -32690.0]","(-24526.95, -23317.9]","(-15286.4, -13797.8]","(-7289.0, -5396.6]","(-28945.7, -28669.6]","(-16042.5, -15333.2]","(31832.3, 32767.0]","(-8268.6, -7933.25]","(-21807.234, -20469.3]","(683.8, 2447.6]","(-21921.9, -20760.55]","(-19426.55, -18585.4]","(-22906.72, -21799.0]","(12137.8, 13388.6]",0.6599999999999999,1,1
"(-7781.0, -7215.0]","(-8101.0, -6908.5]","(-20456.1, -19579.15]","(-15064.2, -13936.6]","(-14926.9, -13423.35]","(-26622.4, -26354.3]","(-1979.0, -298.2]","(20033.4, 21625.1]","(-9879.5, -7036.4]","(249.4, 2297.35]","(3487.4, 5974.6]","(-11211.6, -9086.55]","(-13003.0, -11936.6]","(-1678.7, 249.25]","(-19039.75, -17994.5]","(-32690.4, -32690.0]","(-24526.95, -23317.9]","(-15286.4, -13797.8]","(-7289.0, -5396.6]","(-28945.7, -28669.6]","(-16042.5, -15333.2]","(31832.3, 32767.0]","(-8268.6, -7933.25]","(-21807.234, -20469.3]","(683.8, 2447.6]","(-21921.9, -20760.55]","(-19426.55, -18585.4]","(-22906.72, -21799.0]","(12137.8, 13388.6]",0.69,1,1
"(-7781.0, -7215.0]","(-8101.0, -6908.5]","(-20456.1, -19579.15]","(-15064.2, -13936.6]","(-14926.9, -13423.35]","(-26622.4, -26354.3]","(-1979.0, -298.2]","(20033.4, 21625.1]","(-9879.5, -7036.4]","(249.4, 2297.35]","(3487.4, 5974.6]","(-11211.6, -9086.55]","(-13003.0, -11936.6]","(-1678.7, 249.25]","(-17994.5, -16949.25]","(-32690.4, -32690.0]","(-24526.95, -23317.9]","(-15286.4, -13797.8]","(-7289.0, -5396.6]","(-28945.7, -28669.6]","(-16042.5, -15333.2]","(31832.3, 32767.0]","(-8268.6, -7933.25]","(-21807.234, -20469.3]","(683.8, 2447.6]","(-21921.9, -20760.55]","(-19426.55, -18585.4]","(-22906.72, -21799.0]","(12137.8, 13388.6]",0.72,1,1
"(-7781.0, -7215.0]","(-8101.0, -6908.5]","(-20456.1, -19579.15]","(-15064.2, -13936.6]","(-14926.9, -13423.35]","(-26622.4, -26354.3]","(-1979.0, -298.2]","(20033.4, 21625.1]","(-9879.5, -7036.4]","(249.4, 2297.35]","(3487.4, 5974.6]","(-11211.6, -9086.55]","(-13003.0, -11936.6]","(-1678.7, 249.25]","(-17994.5, -16949.25]","(-32690.4, -32690.0]","(-24526.95, -23317.9]","(-15286.4, -13797.8]","(-7289.0, -5396.6]","(-28945.7, -28669.6]","(-16042.5, -15333.2]","(31832.3, 32767.0]","(-8268.6, -7933.25]","(-21807.234, -20469.3]","(683.8, 2447.6]","(-21921.9, -20760.55]","(-19426.55, -18585.4]","(-22906.72, -21799.0]","(12137.8, 13388.6]",0.75,1,1
"(-7781.0, -7215.0]","(-8101.0, -6908.5]","(-20456.1, -19579.15]","(-15064.2, -13936.6]","(-14926.9, -13423.35]","(-26622.4, -26354.3]","(-1979.0, -298.2]","(20033.4, 21625.1]","(-9879.5, -7036.4]","(249.4, 2297.35]","(3487.4, 5974.6]","(-11211.6, -9086.55]","(-13003.0, -11936.6]","(-1678.7, 249.25]","(-19039.75, -17994.5]","(-32692.4, -32692.0]","(-24526.95, -23317.9]","(-15286.4, -13797.8]","(-7289.0, -5396.6]","(-28945.7, -28669.6]","(-16042.5, -15333.2]","(31832.3, 32767.0]","(-8268.6, -7933.25]","(-21807.234, -20469.3]","(683.8, 2447.6]","(-21921.9, -20760.55]","(-19426.55, -18585.4]","(-22906.72, -21799.0]","(12137.8, 13388.6]",0.78,1,1
"(-7781.0, -7215.0]","(-8101.0, -6908.5]","(-20456.1, -19579.15]","(-15064.2, -13936.6]","(-14926.9, -13423.35]","(-26622.4, -26354.3]","(-1979.0, -298.2]","(20033.4, 21625.1]","(-9879.5, -7036.4]","(249.4, 2297.35]","(3487.4, 5974.6]","(-11211.6, -9086.55]","(-13003.0, -11936.6]","(-1678.7, 249.25]","(-19039.75, -17994.5]","(-32690.4, -32690.0]","(-24526.95, -23317.9]","(-15286.4, -13797.8]","(-7289.0, -5396.6]","(-28945.7, -28669.6]","(-16042.5, -15333.2]","(31832.3, 32767.0]","(-8268.6, -7933.25]","(-21807.234, -20469.3]","(683.8, 2447.6]","(-21921.9, -20760.55]","(-19426.55, -18585.4]","(-22906.72, -21799.0]","(12137.8, 13388.6]",0.8099999999999999,1,1
"(-7781.0, -7215.0]","(-8101.0, -6908.5]","(-20456.1, -19579.15]","(-15064.2, -13936.6]","(-14926.9, -13423.35]","(-26622.4, -26354.3]","(-1979.0, -298.2]","(20033.4, 21625.1]","(-9879.5, -7036.4]","(249.4, 2297.35]","(3487.4, 5974.6]","(-11211.6, -9086.55]","(-13003.0, -11936.6]","(-1678.7, 249.25]","(-19039.75, -17994.5]","(-32690.4, -32690.0]","(-24526.95, -23317.9]","(-15286.4, -13797.8]","(-7289.0, -5396.6]","(-28945.7, -28669.6]","(-16042.5, -15333.2]","(31832.3, 32767.0]","(-8268.6, -7933.25]","(-21807.234, -20469.3]","(683.8, 2447.6]","(-21921.9, -20760.55]","(-19426.55, -18585.4]","(-22906.72, -21799.0]","(12137.8, 13388.6]",0.84,1,1
"(-7781.0, -7215.0]","(-8101.0, -6908.5]","(-20456.1, -19579.15]","(-15064.2, -13936.6]","(-14926.9, -13423.35]","(-26622.4, -26354.3]","(-1979.0, -298.2]","(20033.4, 21625.1]","(-9879.5, -7036.4]","(249.4, 2297.35]","(3487.4, 5974.6]","(-11211.6, -9086.55]","(-13003.0, -11936.6]","(-1678.7, 249.25]","(-19039.75, -17994.5]","(-32691.2, -32690.8]","(-24526.95, -23317.9]","(-15286.4, -13797.8]","(-7289.0, -5396.6]","(-28945.7, -28669.6]","(-16042.5, -15333.2]","(31832.3, 32767.0]","(-8268.6, -7933.25]","(-21807.234, -20469.3]","(683.8, 2447.6]","(-21921.9, -20760.55]","(-19426.55, -18585.4]","(-22906.72, -21799.0]","(12137.8, 13388.6]",0.87,1,1
"(-7781.0, -7215.0]","(-8101.0, -6908.5]","(-20456.1, -19579.15]","(-15064.2, -13936.6]","(-14926.9, -13423.35]","(-26622.4, -26354.3]","(-1979.0, -298.2]","(20033.4, 21625.1]","(-9879.5, -7036.4]","(249.4, 2297.35]","(3487.4, 5974.6]","(-11211.6, -9086.55]","(-13003.0, -11936.6]","(-1678.7, 249.25]","(-19039.75, -17994.5]","(-32691.2, -32690.8]","(-24526.95, -23317.9]","(-15286.4, -13797.8]","(-7289.0, -5396.6]","(-28945.7, -28669.6]","(-16042.5, -15333.2]","(31832.3, 32767.0]","(-8268.6, -7933.25]","(-21807.234, -20469.3]","(683.8, 2447.6]","(-21921.9, -20760.55]","(-19426.55, -18585.4]","(-22906.72, -21799.0]","(12137.8, 13388.6]",0.8999999999999999,1,1
"(-7781.0, -7215.0]","(-8101.0, -6908.5]","(-20456.1, -19579.15]","(-15064.2, -13936.6]","(-14926.9, -13423.35]","(-26622.4, -26354.3]","(-1979.0, -298.2]","(20033.4, 21625.1]","(-9879.5, -7036.4]","(249.4, 2297.35]","(3487.4, 5974.6]","(-11211.6, -9086.55]","(-13003.0, -11936.6]","(-1678.7, 249.25]","(-19039.75, -17994.5]","(-32691.2, -32690.8]","(-24526.95, -23317.9]","(-15286.4, -13797.8]","(-7289.0, -5396.6]","(-28945.7, -28669.6]","(-16042.5, -15333.2]","(31832.3, 32767.0]","(-8268.6, -7933.25]","(-21807.234, -20469.3]","(683.8, 2447.6]","(-21921.9, -20760.55]","(-19426.55, -18585.4]","(-22906.72, -21799.0]","(12137.8, 13388.6]",0.9299999999999999,1,1
"(-7781.0, -7215.0]","(-8101.0, -6908.5]","(-20456.1, -19579.15]","(-15064.2, -13936.6]","(-14926.9, -13423.35]","(-26622.4, -26354.3]","(-1979.0, -298.2]","(20033.4, 21625.1]","(-9879.5, -7036.4]","(249.4, 2297.35]","(3487.4, 5974.6]","(-11211.6, -9086.55]","(-13003.0, -11936.6]","(-1678.7, 249.25]","(-19039.75, -17994.5]","(-32692.4, -32692.0]","(-24526.95, -23317.9]","(-15286.4, -13797.8]","(-7289.0, -5396.6]","(-28945.7, -28669.6]","(-16042.5, -15333.2]","(31832.3, 32767.0]","(-8268.6, -7933.25]","(-21807.234, -20469.3]","(683.8, 2447.6]","(-21921.9, -20760.55]","(-19426.55, -18585.4]","(-22906.72, -21799.0]","(12137.8, 13388.6]",0.96,1,1
"(-7781.0, -7215.0]","(-8101.0, -6908.5]","(-20456.1, -19579.15]","(-15064.2, -13936.6]","(-14926.9, -13423.35]","(-26622.4, -26354.3]","(-1979.0, -298.2]","(20033.4, 21625.1]","(-9879.5, -7036.4]","(249.4, 2297.35]","(3487.4, 5974.6]","(-11211.6, -9086.55]","(-13003.0, -11936.6]","(-1678.7, 249.25]","(-19039.75, -17994.5]","(-32692.4, -32692.0]","(-24526.95, -23317.9]","(-15286.4, -13797.8]","(-7289.0, -5396.6]","(-28945.7, -28669.6]","(-16042.5, -15333.2]","(31832.3, 32767.0]","(-8268.6, -7933.25]","(-21807.234, -20469.3]","(683.8, 2447.6]","(-21921.9, -20760.55]","(-19426.55, -18585.4]","(-22906.72, -21799.0]","(12137.8, 13388.6]",0.99,1,1
"(-7781.0, -7215.0]","(-8101.0, -6908.5]","(-20456.1, -19579.15]","(-15064.2, -13936.6]","(-14926.9, -13423.35]","(-26622.4, -26354.3]","(-1979.0, -298.2]","(20033.4, 21625.1]","(-9879.5, -7036.4]","(249.4, 2297.35]","(3487.4, 5974.6]","(-11211.6, -9086.55]","(-13003.0, -11936.6]","(-1678.7, 249.25]","(-19039.75, -17994.5]","(-32690.4, -32690.0]","(-24526.95, -23317.9]","(-15286.4, -13797.8]","(-7289.0, -5396.6]","(-28945.7, -28669.6]","(-16042.5, -15333.2]","(31832.3, 32767.0]","(-8268.6, -7933.25]","(-21807.234, -20469.3]","(683.8, 2447.6]","(-21921.9, -20760.55]","(-19426.55, -18585.4]","(-22906.72, -21799.0]","(12137.8, 13388.6]",1.02,1,1
"(-7781.0, -7215.0]","(-8101.0, -6908.5]","(-20456.1, -19579.15]","(-15064.2, -13936.6]","(-14926.9, -13423.35]","(-26622.4, -26354.3]","(-1979.0, -298.2]","(20033.4, 21625.1]","(-9879.5, -7036.4]","(249.4, 2297.35]","(3487.4, 5974.6]","(-11211.6, -9086.55]","(-13003.0, -11936.6]","(-1678.7, 249.25]","(-19039.75, -17994.5]","(-32690.4, -32690.0]","(-24526.95, -23317.9]","(-15286.4, -13797.8]","(-7289.0, -5396.6]","(-28945.7, -28669.6]","(-16042.5, -15333.2]","(31832.3, 32767.0]","(-8268.6, -7933.25]","(-21807.234, -20469.3]","(683.8, 2447.6]","(-21921.9, -20760.55]","(-19426.55, -18585.4]","(-22906.72, -21799.0]","(12137.8, 13388.6]",1.05,1,1
"(-7781.0, -7215.0]","(-8101.0, -6908.5]","(-20456.1, -19579.15]","(-15064.2, -13936.6]","(-14926.9, -13423.35]","(-26622.4, -26354.3]","(-298.2, 1382.6]","(20033.4, 21625.1]","(-9879.5, -7036.4]","(249.4, 2297.35]","(3487.4, 5974.6]","(-11211.6, -9086.55]","(-13003.0, -11936.6]","(-1678.7, 249.25]","(-19039.75, -17994.5]","(-32691.2, -32690.8]","(-24526.95, -23317.9]","(-15286.4, -13797.8]","(-7289.0, -5396.6]","(-28945.7, -28669.6]","(-16042.5, -15333.2]","(31832.3, 32767.0]","(-8268.6, -7933.25]","(-21807.234, -20469.3]","(683.8, 2447.6]","(-21921.9, -20760.55]","(-19426.55, -18585.4]","(-22906.72, -21799.0]","(12137.8, 13388.6]",1.08,1,1
"(-7781.0, -7215.0]","(-8101.0, -6908.5]","(-20456.1, -19579.15]","(-15064.2, -13936.6]","(-14926.9, -13423.35]","(-26622.4, -26354.3]","(-298.2, 1382.6]","(20033.4, 21625.1]","(-9879.5, -7036.4]","(249.4, 2297.35]","(3487.4, 5974.6]","(-11211.6, -9086.55]","(-13003.0, -11936.6]","(-1678.7, 249.25]","(-19039.75, -17994.5]","(-32690.4, -32690.0]","(-24526.95, -23317.9]","(-15286.4, -13797.8]","(-7289.0, -5396.6]","(-28945.7, -28669.6]","(-16042.5, -15333.2]","(31832.3, 32767.0]","(-8268.6, -7933.25]","(-21807.234, -20469.3]","(683.8, 2447.6]","(-21921.9, -20760.55]","(-19426.55, -18585.4]","(-22906.72, -21799.0]","(12137.8, 13388.6]",1.1099999999999999,1,1
"(-7781.0, -7215.0]","(-8101.0, -6908.5]","(-20456.1, -19579.15]","(-15064.2, -13936.6]","(-14926.9, -13423.35]","(-26622.4, -26354.3]","(-298.2, 1382.6]","(20033.4, 21625.1]","(-9879.5, -7036.4]","(249.4, 2297.35]","(3487.4, 5974.6]","(-11211.6, -9086.55]","(-13003.0, -11936.6]","(-1678.7, 249.25]","(-19039.75, -17994.5]","(-32690.4, -32690.0]","(-24526.95, -23317.9]","(-15286.4, -13797.8]","(-7289.0, -5396.6]","(-28945.7, -28669.6]","(-16042.5, -15333.2]","(31832.3, 32767.0]","(-8268.6, -7933.25]","(-21807.234, -20469.3]","(683.8, 2447.6]","(-21921.9, -20760.55]","(-19426.55, -18585.4]","(-22906.72, -21799.0]","(12137.8, 13388.6]",1.14,1,1
"(-7781.0, -7215.0]","(-8101.0, -6908.5]","(-20456.1, -19579.15]","(-15064.2, -13936.6]","(-14926.9, -13423.35]","(-26622.4, -26354.3]","(-298.2, 1382.6]","(20033.4, 21625.1]","(-9879.5, -7036.4]","(249.4, 2297.35]","(3487.4, 5974.6]","(-11211.6, -9086.55]","(-13003.0, -11936.6]","(-1678.7, 249.25]","(-19039.75, -17994.5]","(-32691.2, -32690.8]","(-24526.95, -23317.9]","(-15286.4, -13797.8]","(-7289.0, -5396.6]","(-28945.7, -28669.6]","(-16042.5, -15333.2]","(31832.3, 32767.0]","(-8268.6, -7933.25]","(-21807.234, -20469.3]","(683.8, 2447.6]","(-21921.9, -20760.55]","(-19426.55, -18585.4]","(-22906.72, -21799.0]","(12137.8, 13388.6]",1.17,1,1
"(-7781.0, -7215.0]","(-8101.0, -6908.5]","(-20456.1, -19579.15]","(-15064.2, -13936.6]","(-14926.9, -13423.35]","(-26622.4, -26354.3]","(-298.2, 1382.6]","(20033.4, 21625.1]","(-9879.5, -7036.4]","(249.4, 2297.35]","(3487.4, 5974.6]","(-11211.6, -9086.55]","(-13003.0, -11936.6]","(-1678.7, 249.25]","(-19039.75, -17994.5]","(-32690.4, -32690.0]","(-24526.95, -23317.9]","(-15286.4, -13797.8]","(-7289.0, -5396.6]","(-28945.7, -28669.6]","(-16042.5, -15333.2]","(31832.3, 32767.0]","(-8268.6, -7933.25]","(-21807.234, -20469.3]","(683.8, 2447.6]","(-21921.9, -20760.55]","(-19426.55, -18585.4]","(-22906.72, -21799.0]","(12137.8, 13388.6]",1.2,1,1
"(-7781.0, -7215.0]","(-8101.0, -6908.5]","(-20456.1, -19579.15]","(-15064.2, -13936.6]","(-14926.9, -13423.35]","(-26622.4, -26354.3]","(-298.2, 1382.6]","(20033.4, 21625.1]","(-9879.5, -7036.4]","(249.4, 2297.35]","(3487.4, 5974.6]","(-11211.6, -9086.55]","(-13003.0, -11936.6]","(-1678.7, 249.25]","(-19039.75, -17994.5]","(-32691.2, -32690.8]","(-24526.95, -23317.9]","(-15286.4, -13797.8]","(-7289.0, -5396.6]","(-28945.7, -28669.6]","(-16042.5, -15333.2]","(31832.3, 32767.0]","(-8268.6, -7933.25]","(-21807.234, -20469.3]","(683.8, 2447.6]","(-21921.9, -20760.55]","(-19426.55, -18585.4]","(-22906.72, -21799.0]","(12137.8, 13388.6]",1.23,1,1
"(-7215.0, -6649.0]","(-8101.0, -6908.5]","(-20456.1, -19579.15]","(-15064.2, -13936.6]","(-14926.9, -13423.35]","(-26622.4, -26354.3]","(-1979.0, -298.2]","(20033.4, 21625.1]","(-9879.5, -7036.4]","(249.4, 2297.35]","(3487.4, 5974.6]","(-11211.6, -9086.55]","(-13003.0, -11936.6]","(-1678.7, 249.25]","(-17994.5, -16949.25]","(-32690.4, -32690.0]","(-24526.95, -23317.9]","(-15286.4, -13797.8]","(-7289.0, -5396.6]","(-28945.7, -28669.6]","(-16042.5, -15333.2]","(31832.3, 32767.0]","(-8268.6, -7933.25]","(-21807.234, -20469.3]","(683.8, 2447.6]","(-21921.9, -20760.55]","(-19426.55, -18585.4]","(-22906.72, -21799.0]","(12137.8, 13388.6]",1.26,1,1
"(-7781.0, -7215.0]","(-8101.0, -6908.5]","(-20456.1, -19579.15]","(-15064.2, -13936.6]","(-14926.9, -13423.35]","(-26622.4, -26354.3]","(-1979.0, -298.2]","(20033.4, 21625.1]","(-9879.5, -7036.4]","(249.4, 2297.35]","(3487.4, 5974.6]","(-11211.6, -9086.55]","(-13003.0, -11936.6]","(-1678.7, 249.25]","(-19039.75, -17994.5]","(-32691.2, -32690.8]","(-24526.95, -23317.9]","(-15286.4, -13797.8]","(-7289.0, -5396.6]","(-28945.7, -28669.6]","(-16042.5, -15333.2]","(31832.3, 32767.0]","(-8268.6, -7933.25]","(-21807.234, -20469.3]","(683.8, 2447.6]","(-21921.9, -20760.55]","(-19426.55, -18585.4]","(-22906.72, -21799.0]","(12137.8, 13388.6]",1.29,1,1
"(-7781.0, -7215.0]","(-8101.0, -6908.5]","(-20456.1, -19579.15]","(-15064.2, -13936.6]","(-14926.9, -13423.35]","(-26622.4, -26354.3]","(-1979.0, -298.2]","(20033.4, 21625.1]","(-9879.5, -7036.4]","(249.4, 2297.35]","(3487.4, 5974.6]","(-11211.6, -9086.55]","(-13003.0, -11936.6]","(-1678.7, 249.25]","(-19039.75, -17994.5]","(-32689.2, -32688.8]","(-24526.95, -23317.9]","(-15286.4, -13797.8]","(-7289.0, -5396.6]","(-28945.7, -28669.6]","(-16042.5, -15333.2]","(31832.3, 32767.0]","(-8268.6, -7933.25]","(-21807.234, -20469.3]","(683.8, 2447.6]","(-21921.9, -20760.55]","(-19426.55, -18585.4]","(-22906.72, -21799.0]","(12137.8, 13388.6]",1.3199999999999998,1,1
"(-7781.0, -7215.0]","(-8101.0, -6908.5]","(-20456.1, -19579.15]","(-15064.2, -13936.6]","(-14926.9, -13423.35]","(-26622.4, -26354.3]","(-1979.0, -298.2]","(20033.4, 21625.1]","(-9879.5, -7036.4]","(249.4, 2297.35]","(3487.4, 5974.6]","(-11211.6, -9086.55]","(-13003.0, -11936.6]","(-1678.7, 249.25]","(-19039.75, -17994.5]","(-32690.4, -32690.0]","(-24526.95, -23317.9]","(-15286.4, -13797.8]","(-7289.0, -5396.6]","(-28945.7, -28669.6]","(-16042.5, -15333.2]","(31832.3, 32767.0]","(-8268.6, -7933.25]","(-21807.234, -20469.3]","(683.8, 2447.6]","(-21921.9, -20760.55]","(-19426.55, -18585.4]","(-22906.72, -21799.0]","(12137.8, 13388.6]",1.3499999999999999,1,1
"(-7781.0, -7215.0]","(-8101.0, -6908.5]","(-20456.1, -19579.15]","(-15064.2, -13936.6]","(-14926.9, -13423.35]","(-26622.4, -26354.3]","(-1979.0, -298.2]","(20033.4, 21625.1]","(-9879.5, -7036.4]","(249.4, 2297.35]","(3487.4, 5974.6]","(-11211.6, -9086.55]","(-13003.0, -11936.6]","(-1678.7, 249.25]","(-19039.75, -17994.5]","(-32690.4, -32690.0]","(-24526.95, -23317.9]","(-15286.4, -13797.8]","(-7289.0, -5396.6]","(-28945.7, -28669.6]","(-16042.5, -15333.2]","(31832.3, 32767.0]","(-8268.6, -7933.25]","(-21807.234, -20469.3]","(683.8, 2447.6]","(-21921.9, -20760.55]","(-19426.55, -18585.4]","(-22906.72, -21799.0]","(12137.8, 13388.6]",1.38,1,1
"(-7781.0, -7215.0]","(-8101.0, -6908.5]","(-20456.1, -19579.15]","(-15064.2, -13936.6]","(-14926.9, -13423.35]","(-26622.4, -26354.3]","(-1979.0, -298.2]","(20033.4, 21625.1]","(-9879.5, -7036.4]","(249.4, 2297.35]","(3487.4, 5974.6]","(-11211.6, -9086.55]","(-13003.0, -11936.6]","(-1678.7, 249.25]","(-17994.5, -16949.25]","(-32691.2, -32690.8]","(-24526.95, -23317.9]","(-15286.4, -13797.8]","(-7289.0, -5396.6]","(-28945.7, -28669.6]","(-16042.5, -15333.2]","(31832.3, 32767.0]","(-8268.6, -7933.25]","(-21807.234, -20469.3]","(683.8, 2447.6]","(-21921.9, -20760.55]","(-19426.55, -18585.4]","(-22906.72, -21799.0]","(12137.8, 13388.6]",1.41,1,1
"(-7781.0, -7215.0]","(-8101.0, -6908.5]","(-20456.1, -19579.15]","(-15064.2, -13936.6]","(-14926.9, -13423.35]","(-26622.4, -26354.3]","(-1979.0, -298.2]","(20033.4, 21625.1]","(-9879.5, -7036.4]","(249.4, 2297.35]","(3487.4, 5974.6]","(-11211.6, -9086.55]","(-13003.0, -11936.6]","(-1678.7, 249.25]","(-19039.75, -17994.5]","(-32690.4, -32690.0]","(-24526.95, -23317.9]","(-15286.4, -13797.8]","(-7289.0, -5396.6]","(-28945.7, -28669.6]","(-16042.5, -15333.2]","(31832.3, 32767.0]","(-8268.6, -7933.25]","(-21807.234, -20469.3]","(683.8, 2447.6]","(-21921.9, -20760.55]","(-19426.55, -18585.4]","(-22906.72, -21799.0]","(12137.8, 13388.6]",1.44,1,1
"(-7781.0, -7215.0]","(-8101.0, -6908.5]","(-20456.1, -19579.15]","(-15064.2, -13936.6]","(-14926.9, -13423.35]","(-26622.4, -26354.3]","(-1979.0, -298.2]","(20033.4, 21625.1]","(-9879.5, -7036.4]","(249.4, 2297.35]","(3487.4, 5974.6]","(-11211.6, -9086.55]","(-13003.0, -11936.6]","(-1678.7, 249.25]","(-19039.75, -17994.5]","(-32690.4, -32690.0]","(-24526.95, -23317.9]","(-15286.4, -13797.8]","(-7289.0, -5396.6]","(-28945.7, -28669.6]","(-16042.5, -15333.2]","(31832.3, 32767.0]","(-8268.6, -7933.25]","(-21807.234, -20469.3]","(683.8, 2447.6]","(-21921.9, -20760.55]","(-19426.55, -18585.4]","(-22906.72, -21799.0]","(12137.8, 13388.6]",1.47,1,1
"(-7781.0, -7215.0]","(-8101.0, -6908.5]","(-20456.1, -19579.15]","(-15064.2, -13936.6]","(-14926.9, -13423.35]","(-26622.4, -26354.3]","(-1979.0, -298.2]","(20033.4, 21625.1]","(-9879.5, -7036.4]","(249.4, 2297.35]","(3487.4, 5974.6]","(-11211.6, -9086.55]","(-13003.0, -11936.6]","(-1678.7, 249.25]","(-19039.75, -17994.5]","(-32690.4, -32690.0]","(-24526.95, -23317.9]","(-15286.4, -13797.8]","(-7289.0, -5396.6]","(-28945.7, -28669.6]","(-16042.5, -15333.2]","(31832.3, 32767.0]","(-8268.6, -7933.25]","(-21807.234, -20469.3]","(683.8, 2447.6]","(-21921.9, -20760.55]","(-19426.55, -18585.4]","(-22906.72, -21799.0]","(12137.8, 13388.6]",1.5,1,1
"(-7781.0, -7215.0]","(-8101.0, -6908.5]","(-20456.1, -19579.15]","(-15064.2, -13936.6]","(-14926.9, -13423.35]","(-26622.4, -26354.3]","(-1979.0, -298.2]","(20033.4, 21625.1]","(-9879.5, -7036.4]","(249.4, 2297.35]","(3487.4, 5974.6]","(-11211.6, -9086.55]","(-13003.0, -11936.6]","(-1678.7, 249.25]","(-19039.75, -17994.5]","(-32691.2, -32690.8]","(-24526.95, -23317.9]","(-15286.4, -13797.8]","(-7289.0, -5396.6]","(-28945.7, -28669.6]","(-16042.5, -15333.2]","(31832.3, 32767.0]","(-8268.6, -7933.25]","(-21807.234, -20469.3]","(683.8, 2447.6]","(-21921.9, -20760.55]","(-19426.55, -18585.4]","(-22906.72, -21799.0]","(12137.8, 13388.6]",1.53,1,1
"(-7781.0, -7215.0]","(-8101.0, -6908.5]","(-20456.1, -19579.15]","(-15064.2, -13936.6]","(-14926.9, -13423.35]","(-26622.4, -26354.3]","(-1979.0, -298.2]","(20033.4, 21625.1]","(-9879.5, -7036.4]","(249.4, 2297.35]","(3487.4, 5974.6]","(-11211.6, -9086.55]","(-13003.0, -11936.6]","(249.25, 2177.2]","(-17994.5, -16949.25]","(-32691.2, -32690.8]","(-24526.95, -23317.9]","(-15286.4, -13797.8]","(-7289.0, -5396.6]","(-28945.7, -28669.6]","(-16042.5, -15333.2]","(31832.3, 32767.0]","(-8268.6, -7933.25]","(-21807.234, -20469.3]","(683.8, 2447.6]","(-21921.9, -20760.55]","(-19426.55, -18585.4]","(-22906.72, -21799.0]","(12137.8, 13388.6]",1.56,1,1
"(-7781.0, -7215.0]","(-9293.5, -8101.0]","(-20456.1, -19579.15]","(-15064.2, -13936.6]","(-14926.9, -13423.35]","(-26622.4, -26354.3]","(-1979.0, -298.2]","(20033.4, 21625.1]","(-9879.5, -7036.4]","(249.4, 2297.35]","(3487.4, 5974.6]","(-11211.6, -9086.55]","(-13003.0, -11936.6]","(-1678.7, 249.25]","(-19039.75, -17994.5]","(-32691.2, -32690.8]","(-24526.95, -23317.9]","(-15286.4, -13797.8]","(-7289.0, -5396.6]","(-28945.7, -28669.6]","(-16042.5, -15333.2]","(31832.3, 32767.0]","(-8268.6, -7933.25]","(-21807.234, -20469.3]","(683.8, 2447.6]","(-21921.9, -20760.55]","(-19426.55, -18585.4]","(-22906.72, -21799.0]","(12137.8, 13388.6]",1.5899999999999999,1,1
"(-7781.0, -7215.0]","(-9293.5, -8101.0]","(-20456.1, -19579.15]","(-15064.2, -13936.6]","(-14926.9, -13423.35]","(-26622.4, -26354.3]","(-1979.0, -298.2]","(20033.4, 21625.1]","(-9879.5, -7036.4]","(249.4, 2297.35]","(3487.4, 5974.6]","(-11211.6, -9086.55]","(-13003.0, -11936.6]","(-1678.7, 249.25]","(-17994.5, -16949.25]","(-32690.4, -32690.0]","(-24526.95, -23317.9]","(-15286.4, -13797.8]","(-7289.0, -5396.6]","(-28945.7, -28669.6]","(-16042.5, -15333.2]","(31832.3, 32767.0]","(-8268.6, -7933.25]","(-21807.234, -20469.3]","(683.8, 2447.6]","(-21921.9, -20760.55]","(-19426.55, -18585.4]","(-22906.72, -21799.0]","(12137.8, 13388.6]",1.6199999999999999,1,1
"(-7781.0, -7215.0]","(-9293.5, -8101.0]","(-20456.1, -19579.15]","(-15064.2, -13936.6]","(-14926.9, -13423.35]","(-26622.4, -26354.3]","(-1979.0, -298.2]","(20033.4, 21625.1]","(-9879.5, -7036.4]","(249.4, 2297.35]","(3487.4, 5974.6]","(-11211.6, -9086.55]","(-13003.0, -11936.6]","(-1678.7, 249.25]","(-19039.75, -17994.5]","(-32691.2, -32690.8]","(-24526.95, -23317.9]","(-15286.4, -13797.8]","(-7289.0, -5396.6]","(-28945.7, -28669.6]","(-16042.5, -15333.2]","(31832.3, 32767.0]","(-8268.6, -7933.25]","(-21807.234, -20469.3]","(683.8, 2447.6]","(-21921.9, -20760.55]","(-19426.55, -18585.4]","(-22906.72, -21799.0]","(12137.8, 13388.6]",1.65,1,1
"(-7781.0, -7215.0]","(-9293.5, -8101.0]","(-20456.1, -19579.15]","(-15064.2, -13936.6]","(-14926.9, -13423.35]","(-26622.4, -26354.3]","(-1979.0, -298.2]","(20033.4, 21625.1]","(-9879.5, -7036.4]","(249.4, 2297.35]","(3487.4, 5974.6]","(-11211.6, -9086.55]","(-13003.0, -11936.6]","(-1678.7, 249.25]","(-19039.75, -17994.5]","(-32691.2, -32690.8]","(-24526.95, -23317.9]","(-15286.4, -13797.8]","(-7289.0, -5396.6]","(-28945.7, -28669.6]","(-16042.5, -15333.2]","(31832.3, 32767.0]","(-8268.6, -7933.25]","(-21807.234, -20469.3]","(683.8, 2447.6]","(-23083.25, -21921.9]","(-19426.55, -18585.4]","(-22906.72, -21799.0]","(12137.8, 13388.6]",1.68,1,1
"(-7781.0, -7215.0]","(-9293.5, -8101.0]","(-20456.1, -19579.15]","(-15064.2, -13936.6]","(-14926.9, -13423.35]","(-26622.4, -26354.3]","(-1979.0, -298.2]","(20033.4, 21625.1]","(-9879.5, -7036.4]","(249.4, 2297.35]","(3487.4, 5974.6]","(-11211.6, -9086.55]","(-13003.0, -11936.6]","(-1678.7, 249.25]","(-19039.75, -17994.5]","(-32691.2, -32690.8]","(-24526.95, -23317.9]","(-15286.4, -13797.8]","(-7289.0, -5396.6]","(-28945.7, -28669.6]","(-16042.5, -15333.2]","(31832.3, 32767.0]","(-8268.6, -7933.25]","(-21807.234, -20469.3]","(683.8, 2447.6]","(-23083.25, -21921.9]","(-19426.55, -18585.4]","(-22906.72, -21799.0]","(12137.8, 13388.6]",1.71,1,1
"(-7781.0, -7215.0]","(-9293.5, -8101.0]","(-20456.1, -19579.15]","(-15064.2, -13936.6]","(-14926.9, -13423.35]","(-26622.4, -26354.3]","(-1979.0, -298.2]","(20033.4, 21625.1]","(-9879.5, -7036.4]","(249.4, 2297.35]","(3487.4, 5974.6]","(-11211.6, -9086.55]","(-13003.0, -11936.6]","(-1678.7, 249.25]","(-19039.75, -17994.5]","(-32691.2, -32690.8]","(-24526.95, -23317.9]","(-15286.4, -13797.8]","(-7289.0, -5396.6]","(-28945.7, -28669.6]","(-16042.5, -15333.2]","(31832.3, 32767.0]","(-8268.6, -7933.25]","(-21807.234, -20469.3]","(683.8, 2447.6]","(-23083.25, -21921.9]","(-19426.55, -18585.4]","(-22906.72, -21799.0]","(12137.8, 13388.6]",1.74,1,1
"(-7781.0, -7215.0]","(-9293.5, -8101.0]","(-20456.1, -19579.15]","(-15064.2, -13936.6]","(-14926.9, -13423.35]","(-26622.4, -26354.3]","(-1979.0, -298.2]","(20033.4, 21625.1]","(-9879.5, -7036.4]","(249.4, 2297.35]","(3487.4, 5974.6]","(-11211.6, -9086.55]","(-13003.0, -11936.6]","(-1678.7, 249.25]","(-19039.75, -17994.5]","(-32691.2, -32690.8]","(-24526.95, -23317.9]","(-16804.772, -15286.4]","(-7289.0, -5396.6]","(-28945.7, -28669.6]","(-16042.5, -15333.2]","(31832.3, 32767.0]","(-8268.6, -7933.25]","(-21807.234, -20469.3]","(683.8, 2447.6]","(-23083.25, -21921.9]","(-19426.55, -18585.4]","(-22906.72, -21799.0]","(12137.8, 13388.6]",1.77,1,1
"(-7781.0, -7215.0]","(-9293.5, -8101.0]","(-20456.1, -19579.15]","(-15064.2, -13936.6]","(-14926.9, -13423.35]","(-26622.4, -26354.3]","(-1979.0, -298.2]","(20033.4, 21625.1]","(-9879.5, -7036.4]","(249.4, 2297.35]","(3487.4, 5974.6]","(-11211.6, -9086.55]","(-13003.0, -11936.6]","(-1678.7, 249.25]","(-19039.75, -17994.5]","(-32691.2, -32690.8]","(-24526.95, -23317.9]","(-16804.772, -15286.4]","(-7289.0, -5396.6]","(-28945.7, -28669.6]","(-16042.5, -15333.2]","(31832.3, 32767.0]","(-8268.6, -7933.25]","(-21807.234, -20469.3]","(683.8, 2447.6]","(-23083.25, -21921.9]","(-19426.55, -18585.4]","(-22906.72, -21799.0]","(12137.8, 13388.6]",1.7999999999999998,1,1
"(-7781.0, -7215.0]","(-9293.5, -8101.0]","(-20456.1, -19579.15]","(-15064.2, -13936.6]","(-14926.9, -13423.35]","(-26622.4, -26354.3]","(-1979.0, -298.2]","(20033.4, 21625.1]","(-9879.5, -7036.4]","(249.4, 2297.35]","(3487.4, 5974.6]","(-11211.6, -9086.55]","(-13003.0, -11936.6]","(-1678.7, 249.25]","(-19039.75, -17994.5]","(-32691.2, -32690.8]","(-24526.95, -23317.9]","(-16804.772, -15286.4]","(-7289.0, -5396.6]","(-28945.7, -28669.6]","(-16042.5, -15333.2]","(31832.3, 32767.0]","(-8268.6, -7933.25]","(-21807.234, -20469.3]","(683.8, 2447.6]","(-23083.25, -21921.9]","(-19426.55, -18585.4]","(-22906.72, -21799.0]","(12137.8, 13388.6]",1.8299999999999998,1,1
"(-7781.0, -7215.0]","(-9293.5, -8101.0]","(-20456.1, -19579.15]","(-15064.2, -13936.6]","(-14926.9, -13423.35]","(-26622.4, -26354.3]","(-1979.0, -298.2]","(20033.4, 21625.1]","(-9879.5, -7036.4]","(249.4, 2297.35]","(3487.4, 5974.6]","(-11211.6, -9086.55]","(-13003.0, -11936.6]","(-1678.7, 249.25]","(-19039.75, -17994.5]","(-32690.4, -32690.0]","(-24526.95, -23317.9]","(-16804.772, -15286.4]","(-9181.4, -7289.0]","(-28945.7, -28669.6]","(-16042.5, -15333.2]","(31832.3, 32767.0]","(-8268.6, -7933.25]","(-21807.234, -20469.3]","(683.8, 2447.6]","(-23083.25, -21921.9]","(-19426.55, -18585.4]","(-22906.72, -21799.0]","(12137.8, 13388.6]",1.8599999999999999,1,1
"(-7215.0, -6649.0]","(-10486.0, -9293.5]","(-20456.1, -19579.15]","(-15064.2, -13936.6]","(-14926.9, -13423.35]","(-26622.4, -26354.3]","(-1979.0, -298.2]","(20033.4, 21625.1]","(-9879.5, -7036.4]","(249.4, 2297.35]","(3487.4, 5974.6]","(-11211.6, -9086.55]","(-13003.0, -11936.6]","(-1678.7, 249.25]","(-19039.75, -17994.5]","(-32691.2, -32690.8]","(-24526.95, -23317.9]","(-16804.772, -15286.4]","(-9181.4, -7289.0]","(-28945.7, -28669.6]","(-16042.5, -15333.2]","(31832.3, 32767.0]","(-8268.6, -7933.25]","(-21807.234, -20469.3]","(683.8, 2447.6]","(-23083.25, -21921.9]","(-19426.55, -18585.4]","(-22906.72, -21799.0]","(12137.8, 13388.6]",1.89,1,1
"(-7215.0, -6649.0]","(-10486.0, -9293.5]","(-20456.1, -19579.15]","(-15064.2, -13936.6]","(-14926.9, -13423.35]","(-26622.4, -26354.3]","(-1979.0, -298.2]","(20033.4, 21625.1]","(-9879.5, -7036.4]","(249.4, 2297.35]","(3487.4, 5974.6]","(-11211.6, -9086.55]","(-13003.0, -11936.6]","(-1678.7, 249.25]","(-19039.75, -17994.5]","(-32690.4, -32690.0]","(-24526.95, -23317.9]","(-16804.772, -15286.4]","(-9181.4, -7289.0]","(-28945.7, -28669.6]","(-16042.5, -15333.2]","(31832.3, 32767.0]","(-8268.6, -7933.25]","(-21807.234, -20469.3]","(683.8, 2447.6]","(-23083.25, -21921.9]","(-19426.55, -18585.4]","(-22906.72, -21799.0]","(12137.8, 13388.6]",1.92,1,1
"(-7781.0, -7215.0]","(-10486.0, -9293.5]","(-20456.1, -19579.15]","(-15064.2, -13936.6]","(-14926.9, -13423.35]","(-26622.4, -26354.3]","(-1979.0, -298.2]","(20033.4, 21625.1]","(-9879.5, -7036.4]","(249.4, 2297.35]","(3487.4, 5974.6]","(-11211.6, -9086.55]","(-13003.0, -11936.6]","(249.25, 2177.2]","(-17994.5, -16949.25]","(-32690.4, -32690.0]","(-24526.95, -23317.9]","(-16804.772, -15286.4]","(-9181.4, -7289.0]","(-28945.7, -28669.6]","(-16042.5, -15333.2]","(31832.3, 32767.0]","(-8268.6, -7933.25]","(-21807.234, -20469.3]","(683.8, 2447.6]","(-23083.25, -21921.9]","(-19426.55, -18585.4]","(-22906.72, -21799.0]","(12137.8, 13388.6]",1.95,1,1
"(-7781.0, -7215.0]","(-10486.0, -9293.5]","(-20456.1, -19579.15]","(-15064.2, -13936.6]","(-14926.9, -13423.35]","(-26622.4, -26354.3]","(-1979.0, -298.2]","(20033.4, 21625.1]","(-9879.5, -7036.4]","(249.4, 2297.35]","(3487.4, 5974.6]","(-11211.6, -9086.55]","(-13003.0, -11936.6]","(-1678.7, 249.25]","(-19039.75, -17994.5]","(-32690.4, -32690.0]","(-24526.95, -23317.9]","(-16804.772, -15286.4]","(-9181.4, -7289.0]","(-28945.7, -28669.6]","(-16042.5, -15333.2]","(31832.3, 32767.0]","(-8268.6, -7933.25]","(-21807.234, -20469.3]","(683.8, 2447.6]","(-23083.25, -21921.9]","(-19426.55, -18585.4]","(-22906.72, -21799.0]","(12137.8, 13388.6]",1.98,1,1
"(-7781.0, -7215.0]","(-10486.0, -9293.5]","(-20456.1, -19579.15]","(-15064.2, -13936.6]","(-14926.9, -13423.35]","(-26622.4, -26354.3]","(-1979.0, -298.2]","(20033.4, 21625.1]","(-9879.5, -7036.4]","(249.4, 2297.35]","(3487.4, 5974.6]","(-11211.6, -9086.55]","(-13003.0, -11936.6]","(-1678.7, 249.25]","(-19039.75, -17994.5]","(-32690.4, -32690.0]","(-24526.95, -23317.9]","(-16804.772, -15286.4]","(-9181.4, -7289.0]","(-28945.7, -28669.6]","(-16042.5, -15333.2]","(31832.3, 32767.0]","(-8268.6, -7933.25]","(-21807.234, -20469.3]","(683.8, 2447.6]","(-23083.25, -21921.9]","(-19426.55, -18585.4]","(-22906.72, -21799.0]","(12137.8, 13388.6]",2.01,1,1
"(-7781.0, -7215.0]","(-10486.0, -9293.5]","(-20456.1, -19579.15]","(-15064.2, -13936.6]","(-14926.9, -13423.35]","(-26622.4, -26354.3]","(-1979.0, -298.2]","(20033.4, 21625.1]","(-9879.5, -7036.4]","(249.4, 2297.35]","(3487.4, 5974.6]","(-11211.6, -9086.55]","(-13003.0, -11936.6]","(-1678.7, 249.25]","(-19039.75, -17994.5]","(-32690.4, -32690.0]","(-24526.95, -23317.9]","(-16804.772, -15286.4]","(-9181.4, -7289.0]","(-28945.7, -28669.6]","(-16751.8, -16042.5]","(31832.3, 32767.0]","(-8268.6, -7933.25]","(-21807.234, -20469.3]","(683.8, 2447.6]","(-23083.25, -21921.9]","(-19426.55, -18585.4]","(-22906.72, -21799.0]","(12137.8, 13388.6]",2.04,1,1
"(-7215.0, -6649.0]","(-10486.0, -9293.5]","(-20456.1, -19579.15]","(-15064.2, -13936.6]","(-14926.9, -13423.35]","(-26622.4, -26354.3]","(-1979.0, -298.2]","(20033.4, 21625.1]","(-9879.5, -7036.4]","(249.4, 2297.35]","(3487.4, 5974.6]","(-11211.6, -9086.55]","(-13003.0, -11936.6]","(-1678.7, 249.25]","(-19039.75, -17994.5]","(-32691.2, -32690.8]","(-24526.95, -23317.9]","(-16804.772, -15286.4]","(-9181.4, -7289.0]","(-28945.7, -28669.6]","(-16751.8, -16042.5]","(31832.3, 32767.0]","(-8268.6, -7933.25]","(-21807.234, -20469.3]","(683.8, 2447.6]","(-23083.25, -21921.9]","(-19426.55, -18585.4]","(-22906.72, -21799.0]","(12137.8, 13388.6]",2.07,1,1
"(-7781.0, -7215.0]","(-10486.0, -9293.5]","(-20456.1, -19579.15]","(-15064.2, -13936.6]","(-14926.9, -13423.35]","(-26622.4, -26354.3]","(-1979.0, -298.2]","(20033.4, 21625.1]","(-9879.5, -7036.4]","(249.4, 2297.35]","(3487.4, 5974.6]","(-11211.6, -9086.55]","(-13003.0, -11936.6]","(-1678.7, 249.25]","(-19039.75, -17994.5]","(-32692.4, -32692.0]","(-24526.95, -23317.9]","(-16804.772, -15286.4]","(-9181.4, -7289.0]","(-28945.7, -28669.6]","(-16751.8, -16042.5]","(31832.3, 32767.0]","(-8268.6, -7933.25]","(-21807.234, -20469.3]","(683.8, 2447.6]","(-23083.25, -21921.9]","(-19426.55, -18585.4]","(-22906.72, -21799.0]","(12137.8, 13388.6]",2.1,1,1
"(-7215.0, -6649.0]","(-11678.5, -10486.0]","(-20456.1, -19579.15]","(-15064.2, -13936.6]","(-14926.9, -13423.35]","(-26622.4, -26354.3]","(-1979.0, -298.2]","(20033.4, 21625.1]","(-9879.5, -7036.4]","(249.4, 2297.35]","(3487.4, 5974.6]","(-11211.6, -9086.55]","(-13003.0, -11936.6]","(-1678.7, 249.25]","(-19039.75, -17994.5]","(-32692.4, -32692.0]","(-24526.95, -23317.9]","(-16804.772, -15286.4]","(-9181.4, -7289.0]","(-28945.7, -28669.6]","(-16751.8, -16042.5]","(31832.3, 32767.0]","(-8268.6, -7933.25]","(-21807.234, -20469.3]","(683.8, 2447.6]","(-23083.25, -21921.9]","(-19426.55, -18585.4]","(-22906.72, -21799.0]","(12137.8, 13388.6]",2.13,1,1
"(-7215.0, -6649.0]","(-11678.5, -10486.0]","(-20456.1, -19579.15]","(-15064.2, -13936.6]","(-14926.9, -13423.35]","(-26622.4, -26354.3]","(-1979.0, -298.2]","(20033.4, 21625.1]","(-9879.5, -7036.4]","(249.4, 2297.35]","(3487.4, 5974.6]","(-11211.6, -9086.55]","(-13003.0, -11936.6]","(-1678.7, 249.25]","(-19039.75, -17994.5]","(-32690.4, -32690.0]","(-24526.95, -23317.9]","(-16804.772, -15286.4]","(-9181.4, -7289.0]","(-28945.7, -28669.6]","(-16751.8, -16042.5]","(31832.3, 32767.0]","(-8268.6, -7933.25]","(-21807.234, -20469.3]","(683.8, 2447.6]","(-23083.25, -21921.9]","(-19426.55, -18585.4]","(-22906.72, -21799.0]","(12137.8, 13388.6]",2.16,1,1
"(-7781.0, -7215.0]","(-11678.5, -10486.0]","(-20456.1, -19579.15]","(-15064.2, -13936.6]","(-14926.9, -13423.35]","(-26622.4, -26354.3]","(-1979.0, -298.2]","(20033.4, 21625.1]","(-9879.5, -7036.4]","(249.4, 2297.35]","(3487.4, 5974.6]","(-11211.6, -9086.55]","(-13003.0, -11936.6]","(-1678.7, 249.25]","(-19039.75, -17994.5]","(-32690.4, -32690.0]","(-24526.95, -23317.9]","(-16804.772, -15286.4]","(-9181.4, -7289.0]","(-28945.7, -28669.6]","(-16751.8, -16042.5]","(31832.3, 32767.0]","(-8268.6, -7933.25]","(-21807.234, -20469.3]","(683.8, 2447.6]","(-23083.25, -21921.9]","(-19426.55, -18585.4]","(-22906.72, -21799.0]","(12137.8, 13388.6]",2.19,1,1
"(-7215.0, -6649.0]","(-11678.5, -10486.0]","(-20456.1, -19579.15]","(-15064.2, -13936.6]","(-14926.9, -13423.35]","(-26622.4, -26354.3]","(-1979.0, -298.2]","(20033.4, 21625.1]","(-9879.5, -7036.4]","(249.4, 2297.35]","(3487.4, 5974.6]","(-11211.6, -9086.55]","(-13003.0, -11936.6]","(-1678.7, 249.25]","(-19039.75, -17994.5]","(-32692.4, -32692.0]","(-24526.95, -23317.9]","(-16804.772, -15286.4]","(-9181.4, -7289.0]","(-28945.7, -28669.6]","(-16751.8, -16042.5]","(31832.3, 32767.0]","(-8268.6, -7933.25]","(-21807.234, -20469.3]","(683.8, 2447.6]","(-23083.25, -21921.9]","(-19426.55, -18585.4]","(-22906.72, -21799.0]","(12137.8, 13388.6]",2.2199999999999998,1,1
"(-7781.0, -7215.0]","(-11678.5, -10486.0]","(-20456.1, -19579.15]","(-15064.2, -13936.6]","(-14926.9, -13423.35]","(-26622.4, -26354.3]","(-1979.0, -298.2]","(20033.4, 21625.1]","(-9879.5, -7036.4]","(249.4, 2297.35]","(3487.4, 5974.6]","(-11211.6, -9086.55]","(-13003.0, -11936.6]","(-1678.7, 249.25]","(-19039.75, -17994.5]","(-32691.2, -32690.8]","(-24526.95, -23317.9]","(-16804.772, -15286.4]","(-9181.4, -7289.0]","(-28945.7, -28669.6]","(-16751.8, -16042.5]","(31832.3, 32767.0]","(-8268.6, -7933.25]","(-21807.234, -20469.3]","(-1080.0, 683.8]","(-23083.25, -21921.9]","(-19426.55, -18585.4]","(-22906.72, -21799.0]","(12137.8, 13388.6]",2.25,1,1
"(-7215.0, -6649.0]","(-11678.5, -10486.0]","(-19579.15, -18702.2]","(-16191.8, -15064.2]","(-14926.9, -13423.35]","(-26622.4, -26354.3]","(-1979.0, -298.2]","(20033.4, 21625.1]","(-9879.5, -7036.4]","(249.4, 2297.35]","(3487.4, 5974.6]","(-11211.6, -9086.55]","(-13003.0, -11936.6]","(-1678.7, 249.25]","(-19039.75, -17994.5]","(-32690.4, -32690.0]","(-24526.95, -23317.9]","(-16804.772, -15286.4]","(-9181.4, -7289.0]","(-28945.7, -28669.6]","(-16751.8, -16042.5]","(31832.3, 32767.0]","(-8268.6, -7933.25]","(-21807.234, -20469.3]","(-1080.0, 683.8]","(-23083.25, -21921.9]","(-19426.55, -18585.4]","(-22906.72, -21799.0]","(12137.8, 13388.6]",2.28,1,1
"(-7215.0, -6649.0]","(-11678.5, -10486.0]","(-19579.15, -18702.2]","(-16191.8, -15064.2]","(-14926.9, -13423.35]","(-26622.4, -26354.3]","(-1979.0, -298.2]","(20033.4, 21625.1]","(-9879.5, -7036.4]","(249.4, 2297.35]","(3487.4, 5974.6]","(-11211.6, -9086.55]","(-13003.0, -11936.6]","(-1678.7, 249.25]","(-19039.75, -17994.5]","(-32691.2, -32690.8]","(-24526.95, -23317.9]","(-16804.772, -15286.4]","(-9181.4, -7289.0]","(-28945.7, -28669.6]","(-16751.8, -16042.5]","(31832.3, 32767.0]","(-8268.6, -7933.25]","(-21807.234, -20469.3]","(-1080.0, 683.8]","(-23083.25, -21921.9]","(-19426.55, -18585.4]","(-22906.72, -21799.0]","(12137.8, 13388.6]",2.31,1,1
"(-7781.0, -7215.0]","(-11678.5, -10486.0]","(-19579.15, -18702.2]","(-16191.8, -15064.2]","(-14926.9, -13423.35]","(-26622.4, -26354.3]","(-1979.0, -298.2]","(20033.4, 21625.1]","(-9879.5, -7036.4]","(249.4, 2297.35]","(3487.4, 5974.6]","(-11211.6, -9086.55]","(-13003.0, -11936.6]","(-1678.7, 249.25]","(-19039.75, -17994.5]","(-32690.4, -32690.0]","(-24526.95, -23317.9]","(-16804.772, -15286.4]","(-9181.4, -7289.0]","(-28945.7, -28669.6]","(-16751.8, -16042.5]","(31832.3, 32767.0]","(-8268.6, -7933.25]","(-21807.234, -20469.3]","(-1080.0, 683.8]","(-23083.25, -21921.9]","(-19426.55, -18585.4]","(-22906.72, -21799.0]","(12137.8, 13388.6]",2.34,1,1
"(-7215.0, -6649.0]","(-11678.5, -10486.0]","(-19579.15, -18702.2]","(-16191.8, -15064.2]","(-14926.9, -13423.35]","(-26622.4, -26354.3]","(-1979.0, -298.2]","(20033.4, 21625.1]","(-9879.5, -7036.4]","(249.4, 2297.35]","(3487.4, 5974.6]","(-11211.6, -9086.55]","(-13003.0, -11936.6]","(-1678.7, 249.25]","(-19039.75, -17994.5]","(-32690.4, -32690.0]","(-24526.95, -23317.9]","(-16804.772, -15286.4]","(-9181.4, -7289.0]","(-28945.7, -28669.6]","(-16751.8, -16042.5]","(31832.3, 32767.0]","(-8268.6, -7933.25]","(-21807.234, -20469.3]","(-1080.0, 683.8]","(-23083.25, -21921.9]","(-19426.55, -18585.4]","(-22906.72, -21799.0]","(12137.8, 13388.6]",2.37,1,1
"(-7215.0, -6649.0]","(-11678.5, -10486.0]","(-19579.15, -18702.2]","(-16191.8, -15064.2]","(-14926.9, -13423.35]","(-26622.4, -26354.3]","(-1979.0, -298.2]","(20033.4, 21625.1]","(-9879.5, -7036.4]","(249.4, 2297.35]","(3487.4, 5974.6]","(-11211.6, -9086.55]","(-13003.0, -11936.6]","(-1678.7, 249.25]","(-19039.75, -17994.5]","(-32691.2, -32690.8]","(-24526.95, -23317.9]","(-16804.772, -15286.4]","(-11073.8, -9181.4]","(-28945.7, -28669.6]","(-16751.8, -16042.5]","(31832.3, 32767.0]","(-8268.6, -7933.25]","(-21807.234, -20469.3]","(-1080.0, 683.8]","(-23083.25, -21921.9]","(-19426.55, -18585.4]","(-22906.72, -21799.0]","(12137.8, 13388.6]",2.4,1,1
"(-7215.0, -6649.0]","(-12871.0, -11678.5]","(-19579.15, -18702.2]","(-16191.8, -15064.2]","(-14926.9, -13423.35]","(-26622.4, -26354.3]","(-1979.0, -298.2]","(20033.4, 21625.1]","(-9879.5, -7036.4]","(249.4, 2297.35]","(3487.4, 5974.6]","(-11211.6, -9086.55]","(-13003.0, -11936.6]","(-1678.7, 249.25]","(-19039.75, -17994.5]","(-32690.4, -32690.0]","(-24526.95, -23317.9]","(-16804.772, -15286.4]","(-11073.8, -9181.4]","(-28945.7, -28669.6]","(-16751.8, -16042.5]","(31832.3, 32767.0]","(-8268.6, -7933.25]","(-21807.234, -20469.3]","(-1080.0, 683.8]","(-23083.25, -21921.9]","(-19426.55, -18585.4]","(-22906.72, -21799.0]","(12137.8, 13388.6]",2.4299999999999997,1,1
"(-7781.0, -7215.0]","(-12871.0, -11678.5]","(-19579.15, -18702.2]","(-16191.8, -15064.2]","(-14926.9, -13423.35]","(-26622.4, -26354.3]","(-1979.0, -298.2]","(20033.4, 21625.1]","(-9879.5, -7036.4]","(249.4, 2297.35]","(3487.4, 5974.6]","(-11211.6, -9086.55]","(-13003.0, -11936.6]","(-1678.7, 249.25]","(-19039.75, -17994.5]","(-32691.2, -32690.8]","(-24526.95, -23317.9]","(-16804.772, -15286.4]","(-11073.8, -9181.4]","(-28945.7, -28669.6]","(-16751.8, -16042.5]","(31832.3, 32767.0]","(-8268.6, -7933.25]","(-21807.234, -20469.3]","(-1080.0, 683.8]","(-23083.25, -21921.9]","(-19426.55, -18585.4]","(-22906.72, -21799.0]","(12137.8, 13388.6]",2.46,1,1
"(-7781.0, -7215.0]","(-12871.0, -11678.5]","(-19579.15, -18702.2]","(-16191.8, -15064.2]","(-14926.9, -13423.35]","(-26622.4, -26354.3]","(-1979.0, -298.2]","(20033.4, 21625.1]","(-9879.5, -7036.4]","(249.4, 2297.35]","(3487.4, 5974.6]","(-11211.6, -9086.55]","(-13003.0, -11936.6]","(-1678.7, 249.25]","(-19039.75, -17994.5]","(-32692.4, -32692.0]","(-24526.95, -23317.9]","(-16804.772, -15286.4]","(-11073.8, -9181.4]","(-28945.7, -28669.6]","(-16751.8, -16042.5]","(31832.3, 32767.0]","(-8268.6, -7933.25]","(-21807.234, -20469.3]","(-1080.0, 683.8]","(-23083.25, -21921.9]","(-19426.55, -18585.4]","(-22906.72, -21799.0]","(12137.8, 13388.6]",2.4899999999999998,1,1
"(-7781.0, -7215.0]","(-12871.0, -11678.5]","(-19579.15, -18702.2]","(-16191.8, -15064.2]","(-14926.9, -13423.35]","(-26622.4, -26354.3]","(-1979.0, -298.2]","(20033.4, 21625.1]","(-9879.5, -7036.4]","(249.4, 2297.35]","(3487.4, 5974.6]","(-11211.6, -9086.55]","(-13003.0, -11936.6]","(-1678.7, 249.25]","(-19039.75, -17994.5]","(-32691.2, -32690.8]","(-24526.95, -23317.9]","(-16804.772, -15286.4]","(-11073.8, -9181.4]","(-28945.7, -28669.6]","(-16751.8, -16042.5]","(31832.3, 32767.0]","(-8268.6, -7933.25]","(-21807.234, -20469.3]","(-1080.0, 683.8]","(-23083.25, -21921.9]","(-19426.55, -18585.4]","(-22906.72, -21799.0]","(12137.8, 13388.6]",2.52,1,1
"(-7781.0, -7215.0]","(-12871.0, -11678.5]","(-19579.15, -18702.2]","(-16191.8, -15064.2]","(-14926.9, -13423.35]","(-26622.4, -26354.3]","(-1979.0, -298.2]","(20033.4, 21625.1]","(-9879.5, -7036.4]","(249.4, 2297.35]","(3487.4, 5974.6]","(-11211.6, -9086.55]","(-13003.0, -11936.6]","(-1678.7, 249.25]","(-19039.75, -17994.5]","(-32692.4, -32692.0]","(-24526.95, -23317.9]","(-16804.772, -15286.4]","(-11073.8, -9181.4]","(-28945.7, -28669.6]","(-16751.8, -16042.5]","(31832.3, 32767.0]","(-8268.6, -7933.25]","(-21807.234, -20469.3]","(-1080.0, 683.8]","(-23083.25, -21921.9]","(-19426.55, -18585.4]","(-22906.72, -21799.0]","(12137.8, 13388.6]",2.55,1,1
"(-7215.0, -6649.0]","(-12871.0, -11678.5]","(-19579.15, -18702.2]","(-16191.8, -15064.2]","(-14926.9, -13423.35]","(-26622.4, -26354.3]","(-1979.0, -298.2]","(20033.4, 21625.1]","(-9879.5, -7036.4]","(249.4, 2297.35]","(3487.4, 5974.6]","(-11211.6, -9086.55]","(-13003.0, -11936.6]","(-1678.7, 249.25]","(-19039.75, -17994.5]","(-32691.2, -32690.8]","(-24526.95, -23317.9]","(-16804.772, -15286.4]","(-11073.8, -9181.4]","(-28945.7, -28669.6]","(-16751.8, -16042.5]","(31832.3, 32767.0]","(-8268.6, -7933.25]","(-21807.234, -20469.3]","(-1080.0, 683.8]","(-23083.25, -21921.9]","(-19426.55, -18585.4]","(-22906.72, -21799.0]","(12137.8, 13388.6]",2.58,1,1
"(-7215.0, -6649.0]","(-12871.0, -11678.5]","(-19579.15, -18702.2]","(-16191.8, -15064.2]","(-14926.9, -13423.35]","(-26622.4, -26354.3]","(-1979.0, -298.2]","(20033.4, 21625.1]","(-9879.5, -7036.4]","(249.4, 2297.35]","(3487.4, 5974.6]","(-11211.6, -9086.55]","(-13003.0, -11936.6]","(-1678.7, 249.25]","(-19039.75, -17994.5]","(-32692.4, -32692.0]","(-24526.95, -23317.9]","(-16804.772, -15286.4]","(-11073.8, -9181.4]","(-28945.7, -28669.6]","(-16751.8, -16042.5]","(31832.3, 32767.0]","(-8268.6, -7933.25]","(-21807.234, -20469.3]","(-2843.8, -1080.0]","(-23083.25, -21921.9]","(-19426.55, -18585.4]","(-22906.72, -21799.0]","(12137.8, 13388.6]",2.61,1,1
"(-7781.0, -7215.0]","(-12871.0, -11678.5]","(-19579.15, -18702.2]","(-16191.8, -15064.2]","(-14926.9, -13423.35]","(-26622.4, -26354.3]","(-1979.0, -298.2]","(20033.4, 21625.1]","(-9879.5, -7036.4]","(-1798.55, 249.4]","(3487.4, 5974.6]","(-11211.6, -9086.55]","(-13003.0, -11936.6]","(-1678.7, 249.25]","(-19039.75, -17994.5]","(-32691.2, -32690.8]","(-24526.95, -23317.9]","(-16804.772, -15286.4]","(-11073.8, -9181.4]","(-28945.7, -28669.6]","(-17461.1, -16751.8]","(31832.3, 32767.0]","(-8268.6, -7933.25]","(-21807.234, -20469.3]","(-2843.8, -1080.0]","(-23083.25, -21921.9]","(-19426.55, -18585.4]","(-22906.72, -21799.0]","(12137.8, 13388.6]",2.6399999999999997,1,1
"(-7781.0, -7215.0]","(-12871.0, -11678.5]","(-19579.15, -18702.2]","(-16191.8, -15064.2]","(-14926.9, -13423.35]","(-26622.4, -26354.3]","(-1979.0, -298.2]","(20033.4, 21625.1]","(-9879.5, -7036.4]","(249.4, 2297.35]","(3487.4, 5974.6]","(-11211.6, -9086.55]","(-13003.0, -11936.6]","(-1678.7, 249.25]","(-19039.75, -17994.5]","(-32690.4, -32690.0]","(-24526.95, -23317.9]","(-16804.772, -15286.4]","(-11073.8, -9181.4]","(-28945.7, -28669.6]","(-17461.1, -16751.8]","(31832.3, 32767.0]","(-8268.6, -7933.25]","(-21807.234, -20469.3]","(-2843.8, -1080.0]","(-23083.25, -21921.9]","(-19426.55, -18585.4]","(-22906.72, -21799.0]","(12137.8, 13388.6]",2.67,1,1
"(-7781.0, -7215.0]","(-12871.0, -11678.5]","(-19579.15, -18702.2]","(-16191.8, -15064.2]","(-14926.9, -13423.35]","(-26622.4, -26354.3]","(-1979.0, -298.2]","(20033.4, 21625.1]","(-9879.5, -7036.4]","(249.4, 2297.35]","(3487.4, 5974.6]","(-11211.6, -9086.55]","(-13003.0, -11936.6]","(-1678.7, 249.25]","(-19039.75, -17994.5]","(-32690.4, -32690.0]","(-24526.95, -23317.9]","(-16804.772, -15286.4]","(-11073.8, -9181.4]","(-28945.7, -28669.6]","(-17461.1, -16751.8]","(31832.3, 32767.0]","(-8268.6, -7933.25]","(-21807.234, -20469.3]","(-2843.8, -1080.0]","(-23083.25, -21921.9]","(-19426.55, -18585.4]","(-22906.72, -21799.0]","(12137.8, 13388.6]",2.6999999999999997,1,1
"(-7781.0, -7215.0]","(-12871.0, -11678.5]","(-19579.15, -18702.2]","(-16191.8, -15064.2]","(-14926.9, -13423.35]","(-26622.4, -26354.3]","(-1979.0, -298.2]","(20033.4, 21625.1]","(-9879.5, -7036.4]","(249.4, 2297.35]","(3487.4, 5974.6]","(-11211.6, -9086.55]","(-13003.0, -11936.6]","(-1678.7, 249.25]","(-19039.75, -17994.5]","(-32691.2, -32690.8]","(-24526.95, -23317.9]","(-16804.772, -15286.4]","(-11073.8, -9181.4]","(-28945.7, -28669.6]","(-17461.1, -16751.8]","(31832.3, 32767.0]","(-8268.6, -7933.25]","(-21807.234, -20469.3]","(-2843.8, -1080.0]","(-23083.25, -21921.9]","(-19426.55, -18585.4]","(-22906.72, -21799.0]","(12137.8, 13388.6]",2.73,1,1
"(-7781.0, -7215.0]","(-12871.0, -11678.5]","(-19579.15, -18702.2]","(-16191.8, -15064.2]","(-14926.9, -13423.35]","(-26622.4, -26354.3]","(-1979.0, -298.2]","(20033.4, 21625.1]","(-9879.5, -7036.4]","(-1798.55, 249.4]","(3487.4, 5974.6]","(-11211.6, -9086.55]","(-13003.0, -11936.6]","(-1678.7, 249.25]","(-19039.75, -17994.5]","(-32692.4, -32692.0]","(-24526.95, -23317.9]","(-16804.772, -15286.4]","(-11073.8, -9181.4]","(-28945.7, -28669.6]","(-17461.1, -16751.8]","(31832.3, 32767.0]","(-8268.6, -7933.25]","(-21807.234, -20469.3]","(-2843.8, -1080.0]","(-23083.25, -21921.9]","(-19426.55, -18585.4]","(-22906.72, -21799.0]","(12137.8, 13388.6]",2.76,1,1
"(-7781.0, -7215.0]","(-12871.0, -11678.5]","(-20456.1, -19579.15]","(-16191.8, -15064.2]","(-14926.9, -13423.35]","(-26622.4, -26354.3]","(-1979.0, -298.2]","(20033.4, 21625.1]","(-9879.5, -7036.4]","(249.4, 2297.35]","(3487.4, 5974.6]","(-11211.6, -9086.55]","(-13003.0, -11936.6]","(-1678.7, 249.25]","(-19039.75, -17994.5]","(-32690.4, -32690.0]","(-24526.95, -23317.9]","(-16804.772, -15286.4]","(-11073.8, -9181.4]","(-28945.7, -28669.6]","(-17461.1, -16751.8]","(31832.3, 32767.0]","(-8268.6, -7933.25]","(-21807.234, -20469.3]","(-2843.8, -1080.0]","(-23083.25, -21921.9]","(-19426.55, -18585.4]","(-22906.72, -21799.0]","(12137.8, 13388.6]",2.79,1,1
"(-7781.0, -7215.0]","(-12871.0, -11678.5]","(-19579.15, -18702.2]","(-16191.8, -15064.2]","(-14926.9, -13423.35]","(-26622.4, -26354.3]","(-1979.0, -298.2]","(20033.4, 21625.1]","(-9879.5, -7036.4]","(-1798.55, 249.4]","(3487.4, 5974.6]","(-11211.6, -9086.55]","(-13003.0, -11936.6]","(-1678.7, 249.25]","(-19039.75, -17994.5]","(-32691.2, -32690.8]","(-24526.95, -23317.9]","(-16804.772, -15286.4]","(-11073.8, -9181.4]","(-28945.7, -28669.6]","(-17461.1, -16751.8]","(31832.3, 32767.0]","(-8268.6, -7933.25]","(-21807.234, -20469.3]","(-2843.8, -1080.0]","(-23083.25, -21921.9]","(-19426.55, -18585.4]","(-22906.72, -21799.0]","(12137.8, 13388.6]",2.82,1,1
"(-7781.0, -7215.0]","(-12871.0, -11678.5]","(-20456.1, -19579.15]","(-16191.8, -15064.2]","(-14926.9, -13423.35]","(-26622.4, -26354.3]","(-1979.0, -298.2]","(20033.4, 21625.1]","(-9879.5, -7036.4]","(249.4, 2297.35]","(3487.4, 5974.6]","(-11211.6, -9086.55]","(-13003.0, -11936.6]","(-1678.7, 249.25]","(-19039.75, -17994.5]","(-32690.4, -32690.0]","(-24526.95, -23317.9]","(-16804.772, -15286.4]","(-11073.8, -9181.4]","(-28945.7, -28669.6]","(-17461.1, -16751.8]","(31832.3, 32767.0]","(-8268.6, -7933.25]","(-21807.234, -20469.3]","(-2843.8, -1080.0]","(-23083.25, -21921.9]","(-19426.55, -18585.4]","(-22906.72, -21799.0]","(12137.8, 13388.6]",2.85,1,1
"(-7781.0, -7215.0]","(-12871.0, -11678.5]","(-19579.15, -18702.2]","(-16191.8, -15064.2]","(-14926.9, -13423.35]","(-26622.4, -26354.3]","(-1979.0, -298.2]","(20033.4, 21625.1]","(-9879.5, -7036.4]","(-1798.55, 249.4]","(3487.4, 5974.6]","(-11211.6, -9086.55]","(-13003.0, -11936.6]","(-1678.7, 249.25]","(-19039.75, -17994.5]","(-32690.4, -32690.0]","(-24526.95, -23317.9]","(-16804.772, -15286.4]","(-11073.8, -9181.4]","(-28945.7, -28669.6]","(-17461.1, -16751.8]","(31832.3, 32767.0]","(-8268.6, -7933.25]","(-21807.234, -20469.3]","(-2843.8, -1080.0]","(-23083.25, -21921.9]","(-19426.55, -18585.4]","(-22906.72, -21799.0]","(12137.8, 13388.6]",2.88,1,1
"(-7781.0, -7215.0]","(-12871.0, -11678.5]","(-19579.15, -18702.2]","(-16191.8, -15064.2]","(-14926.9, -13423.35]","(-26622.4, -26354.3]","(-1979.0, -298.2]","(20033.4, 21625.1]","(-9879.5, -7036.4]","(-1798.55, 249.4]","(3487.4, 5974.6]","(-11211.6, -9086.55]","(-13003.0, -11936.6]","(-1678.7, 249.25]","(-19039.75, -17994.5]","(-32690.4, -32690.0]","(-24526.95, -23317.9]","(-16804.772, -15286.4]","(-11073.8, -9181.4]","(-28945.7, -28669.6]","(-17461.1, -16751.8]","(31832.3, 32767.0]","(-8268.6, -7933.25]","(-21807.234, -20469.3]","(-2843.8, -1080.0]","(-23083.25, -21921.9]","(-19426.55, -18585.4]","(-22906.72, -21799.0]","(12137.8, 13388.6]",2.9099999999999997,1,1
"(-7781.0, -7215.0]","(-12871.0, -11678.5]","(-19579.15, -18702.2]","(-16191.8, -15064.2]","(-14926.9, -13423.35]","(-26622.4, -26354.3]","(-1979.0, -298.2]","(20033.4, 21625.1]","(-9879.5, -7036.4]","(-1798.55, 249.4]","(3487.4, 5974.6]","(-11211.6, -9086.55]","(-13003.0, -11936.6]","(-1678.7, 249.25]","(-19039.75, -17994.5]","(-32690.4, -32690.0]","(-24526.95, -23317.9]","(-16804.772, -15286.4]","(-11073.8, -9181.4]","(-28945.7, -28669.6]","(-17461.1, -16751.8]","(31832.3, 32767.0]","(-8268.6, -7933.25]","(-21807.234, -20469.3]","(-2843.8, -1080.0]","(-23083.25, -21921.9]","(-19426.55, -18585.4]","(-22906.72, -21799.0]","(12137.8, 13388.6]",2.94,1,1
"(-7781.0, -7215.0]","(-12871.0, -11678.5]","(-19579.15, -18702.2]","(-16191.8, -15064.2]","(-14926.9, -13423.35]","(-26622.4, -26354.3]","(-1979.0, -298.2]","(20033.4, 21625.1]","(-9879.5, -7036.4]","(-1798.55, 249.4]","(3487.4, 5974.6]","(-11211.6, -9086.55]","(-13003.0, -11936.6]","(-1678.7, 249.25]","(-19039.75, -17994.5]","(-32691.2, -32690.8]","(-24526.95, -23317.9]","(-16804.772, -15286.4]","(-11073.8, -9181.4]","(-28945.7, -28669.6]","(-17461.1, -16751.8]","(31832.3, 32767.0]","(-8268.6, -7933.25]","(-21807.234, -20469.3]","(-2843.8, -1080.0]","(-23083.25, -21921.9]","(-19426.55, -18585.4]","(-22906.72, -21799.0]","(12137.8, 13388.6]",2.9699999999999998,1,1
"(-7781.0, -7215.0]","(-12871.0, -11678.5]","(-19579.15, -18702.2]","(-16191.8, -15064.2]","(-14926.9, -13423.35]","(-26622.4, -26354.3]","(-298.2, 1382.6]","(20033.4, 21625.1]","(-9879.5, -7036.4]","(-1798.55, 249.4]","(3487.4, 5974.6]","(-11211.6, -9086.55]","(-13003.0, -11936.6]","(-1678.7, 249.25]","(-19039.75, -17994.5]","(-32690.4, -32690.0]","(-24526.95, -23317.9]","(-16804.772, -15286.4]","(-11073.8, -9181.4]","(-28945.7, -28669.6]","(-17461.1, -16751.8]","(31832.3, 32767.0]","(-8268.6, -7933.25]","(-21807.234, -20469.3]","(-2843.8, -1080.0]","(-23083.25, -21921.9]","(-19426.55, -18585.4]","(-22906.72, -21799.0]","(12137.8, 13388.6]",3.0,1,1
"(-7781.0, -7215.0]","(-12871.0, -11678.5]","(-19579.15, -18702.2]","(-16191.8, -15064.2]","(-14926.9, -13423.35]","(-26622.4, -26354.3]","(-1979.0, -298.2]","(20033.4, 21625.1]","(-9879.5, -7036.4]","(-1798.55, 249.4]","(3487.4, 5974.6]","(-11211.6, -9086.55]","(-13003.0, -11936.6]","(-1678.7, 249.25]","(-19039.75, -17994.5]","(-32690.4, -32690.0]","(-24526.95, -23317.9]","(-16804.772, -15286.4]","(-11073.8, -9181.4]","(-28945.7, -28669.6]","(-17461.1, -16751.8]","(31832.3, 32767.0]","(-8268.6, -7933.25]","(-21807.234, -20469.3]","(-2843.8, -1080.0]","(-23083.25, -21921.9]","(-19426.55, -18585.4]","(-22906.72, -21799.0]","(12137.8, 13388.6]",3.03,1,1
"(-7781.0, -7215.0]","(-12871.0, -11678.5]","(-19579.15, -18702.2]","(-16191.8, -15064.2]","(-14926.9, -13423.35]","(-26622.4, -26354.3]","(-1979.0, -298.2]","(20033.4, 21625.1]","(-9879.5, -7036.4]","(-1798.55, 249.4]","(3487.4, 5974.6]","(-11211.6, -9086.55]","(-13003.0, -11936.6]","(-1678.7, 249.25]","(-19039.75, -17994.5]","(-32690.4, -32690.0]","(-24526.95, -23317.9]","(-16804.772, -15286.4]","(-11073.8, -9181.4]","(-28945.7, -28669.6]","(-17461.1, -16751.8]","(31832.3, 32767.0]","(-8268.6, -7933.25]","(-21807.234, -20469.3]","(-2843.8, -1080.0]","(-23083.25, -21921.9]","(-19426.55, -18585.4]","(-22906.72, -21799.0]","(12137.8, 13388.6]",3.06,1,1
"(-7781.0, -7215.0]","(-12871.0, -11678.5]","(-19579.15, -18702.2]","(-16191.8, -15064.2]","(-14926.9, -13423.35]","(-26622.4, -26354.3]","(-1979.0, -298.2]","(20033.4, 21625.1]","(-9879.5, -7036.4]","(-1798.55, 249.4]","(3487.4, 5974.6]","(-11211.6, -9086.55]","(-13003.0, -11936.6]","(-1678.7, 249.25]","(-19039.75, -17994.5]","(-32691.2, -32690.8]","(-24526.95, -23317.9]","(-16804.772, -15286.4]","(-11073.8, -9181.4]","(-28945.7, -28669.6]","(-17461.1, -16751.8]","(31832.3, 32767.0]","(-8268.6, -7933.25]","(-21807.234, -20469.3]","(-2843.8, -1080.0]","(-23083.25, -21921.9]","(-19426.55, -18585.4]","(-22906.72, -21799.0]","(12137.8, 13388.6]",3.09,1,1
"(-7781.0, -7215.0]","(-12871.0, -11678.5]","(-19579.15, -18702.2]","(-16191.8, -15064.2]","(-14926.9, -13423.35]","(-26622.4, -26354.3]","(-1979.0, -298.2]","(20033.4, 21625.1]","(-9879.5, -7036.4]","(-1798.55, 249.4]","(3487.4, 5974.6]","(-11211.6, -9086.55]","(-13003.0, -11936.6]","(-1678.7, 249.25]","(-19039.75, -17994.5]","(-32691.2, -32690.8]","(-24526.95, -23317.9]","(-16804.772, -15286.4]","(-11073.8, -9181.4]","(-28945.7, -28669.6]","(-17461.1, -16751.8]","(31832.3, 32767.0]","(-8268.6, -7933.25]","(-21807.234, -20469.3]","(-2843.8, -1080.0]","(-23083.25, -21921.9]","(-19426.55, -18585.4]","(-22906.72, -21799.0]","(12137.8, 13388.6]",3.12,1,1
"(-7781.0, -7215.0]","(-12871.0, -11678.5]","(-19579.15, -18702.2]","(-16191.8, -15064.2]","(-14926.9, -13423.35]","(-26622.4, -26354.3]","(-1979.0, -298.2]","(20033.4, 21625.1]","(-9879.5, -7036.4]","(-1798.55, 249.4]","(3487.4, 5974.6]","(-11211.6, -9086.55]","(-13003.0, -11936.6]","(-1678.7, 249.25]","(-19039.75, -17994.5]","(-32690.4, -32690.0]","(-24526.95, -23317.9]","(-16804.772, -15286.4]","(-11073.8, -9181.4]","(-28945.7, -28669.6]","(-17461.1, -16751.8]","(31832.3, 32767.0]","(-8268.6, -7933.25]","(-21807.234, -20469.3]","(-2843.8, -1080.0]","(-23083.25, -21921.9]","(-19426.55, -18585.4]","(-22906.72, -21799.0]","(12137.8, 13388.6]",3.15,1,1
"(-7781.0, -7215.0]","(-12871.0, -11678.5]","(-20456.1, -19579.15]","(-16191.8, -15064.2]","(-14926.9, -13423.35]","(-26622.4, -26354.3]","(-1979.0, -298.2]","(20033.4, 21625.1]","(-9879.5, -7036.4]","(-1798.55, 249.4]","(3487.4, 5974.6]","(-11211.6, -9086.55]","(-13003.0, -11936.6]","(-1678.7, 249.25]","(-19039.75, -17994.5]","(-32690.4, -32690.0]","(-24526.95, -23317.9]","(-16804.772, -15286.4]","(-11073.8, -9181.4]","(-28945.7, -28669.6]","(-17461.1, -16751.8]","(31832.3, 32767.0]","(-8268.6, -7933.25]","(-21807.234, -20469.3]","(-2843.8, -1080.0]","(-23083.25, -21921.9]","(-19426.55, -18585.4]","(-22906.72, -21799.0]","(12137.8, 13388.6]",3.1799999999999997,1,1
"(-7781.0, -7215.0]","(-12871.0, -11678.5]","(-20456.1, -19579.15]","(-16191.8, -15064.2]","(-14926.9, -13423.35]","(-26622.4, -26354.3]","(-1979.0, -298.2]","(20033.4, 21625.1]","(-9879.5, -7036.4]","(-1798.55, 249.4]","(3487.4, 5974.6]","(-11211.6, -9086.55]","(-13003.0, -11936.6]","(-1678.7, 249.25]","(-19039.75, -17994.5]","(-32691.2, -32690.8]","(-24526.95, -23317.9]","(-16804.772, -15286.4]","(-11073.8, -9181.4]","(-28945.7, -28669.6]","(-17461.1, -16751.8]","(31832.3, 32767.0]","(-8268.6, -7933.25]","(-21807.234, -20469.3]","(-2843.8, -1080.0]","(-23083.25, -21921.9]","(-19426.55, -18585.4]","(-22906.72, -21799.0]","(12137.8, 13388.6]",3.21,1,1
"(-7781.0, -7215.0]","(-12871.0, -11678.5]","(-20456.1, -19579.15]","(-16191.8, -15064.2]","(-14926.9, -13423.35]","(-26622.4, -26354.3]","(-1979.0, -298.2]","(20033.4, 21625.1]","(-9879.5, -7036.4]","(-1798.55, 249.4]","(3487.4, 5974.6]","(-11211.6, -9086.55]","(-13003.0, -11936.6]","(-1678.7, 249.25]","(-19039.75, -17994.5]","(-32691.2, -32690.8]","(-24526.95, -23317.9]","(-16804.772, -15286.4]","(-11073.8, -9181.4]","(-28945.7, -28669.6]","(-17461.1, -16751.8]","(31832.3, 32767.0]","(-8268.6, -7933.25]","(-21807.234, -20469.3]","(-2843.8, -1080.0]","(-23083.25, -21921.9]","(-19426.55, -18585.4]","(-22906.72, -21799.0]","(12137.8, 13388.6]",3.2399999999999998,1,1
"(-7781.0, -7215.0]","(-12871.0, -11678.5]","(-20456.1, -19579.15]","(-16191.8, -15064.2]","(-14926.9, -13423.35]","(-26622.4, -26354.3]","(-1979.0, -298.2]","(20033.4, 21625.1]","(-9879.5, -7036.4]","(-1798.55, 249.4]","(3487.4, 5974.6]","(-11211.6, -9086.55]","(-13003.0, -11936.6]","(-1678.7, 249.25]","(-19039.75, -17994.5]","(-32690.4, -32690.0]","(-24526.95, -23317.9]","(-16804.772, -15286.4]","(-11073.8, -9181.4]","(-28945.7, -28669.6]","(-17461.1, -16751.8]","(31832.3, 32767.0]","(-8268.6, -7933.25]","(-21807.234, -20469.3]","(-2843.8, -1080.0]","(-23083.25, -21921.9]","(-19426.55, -18585.4]","(-22906.72, -21799.0]","(12137.8, 13388.6]",3.27,1,1
"(-7781.0, -7215.0]","(-12871.0, -11678.5]","(-20456.1, -19579.15]","(-16191.8, -15064.2]","(-14926.9, -13423.35]","(-26622.4, -26354.3]","(-1979.0, -298.2]","(20033.4, 21625.1]","(-9879.5, -7036.4]","(-1798.55, 249.4]","(3487.4, 5974.6]","(-11211.6, -9086.55]","(-13003.0, -11936.6]","(-1678.7, 249.25]","(-19039.75, -17994.5]","(-32692.4, -32692.0]","(-24526.95, -23317.9]","(-16804.772, -15286.4]","(-11073.8, -9181.4]","(-28945.7, -28669.6]","(-17461.1, -16751.8]","(31832.3, 32767.0]","(-8268.6, -7933.25]","(-21807.234, -20469.3]","(-2843.8, -1080.0]","(-23083.25, -21921.9]","(-19426.55, -18585.4]","(-22906.72, -21799.0]","(12137.8, 13388.6]",3.3,1,1
"(-7781.0, -7215.0]","(-12871.0, -11678.5]","(-20456.1, -19579.15]","(-16191.8, -15064.2]","(-14926.9, -13423.35]","(-26622.4, -26354.3]","(-1979.0, -298.2]","(20033.4, 21625.1]","(-9879.5, -7036.4]","(-1798.55, 249.4]","(3487.4, 5974.6]","(-11211.6, -9086.55]","(-13003.0, -11936.6]","(-1678.7, 249.25]","(-19039.75, -17994.5]","(-32691.2, -32690.8]","(-24526.95, -23317.9]","(-16804.772, -15286.4]","(-11073.8, -9181.4]","(-28945.7, -28669.6]","(-17461.1, -16751.8]","(31832.3, 32767.0]","(-8268.6, -7933.25]","(-21807.234, -20469.3]","(-2843.8, -1080.0]","(-23083.25, -21921.9]","(-19426.55, -18585.4]","(-22906.72, -21799.0]","(12137.8, 13388.6]",3.33,1,1
"(-7781.0, -7215.0]","(-12871.0, -11678.5]","(-20456.1, -19579.15]","(-16191.8, -15064.2]","(-14926.9, -13423.35]","(-26622.4, -26354.3]","(-1979.0, -298.2]","(20033.4, 21625.1]","(-9879.5, -7036.4]","(-1798.55, 249.4]","(3487.4, 5974.6]","(-11211.6, -9086.55]","(-13003.0, -11936.6]","(-1678.7, 249.25]","(-19039.75, -17994.5]","(-32691.2, -32690.8]","(-24526.95, -23317.9]","(-16804.772, -15286.4]","(-11073.8, -9181.4]","(-28945.7, -28669.6]","(-17461.1, -16751.8]","(31832.3, 32767.0]","(-8268.6, -7933.25]","(-21807.234, -20469.3]","(-2843.8, -1080.0]","(-23083.25, -21921.9]","(-19426.55, -18585.4]","(-22906.72, -21799.0]","(12137.8, 13388.6]",3.36,1,1
"(-7781.0, -7215.0]","(-12871.0, -11678.5]","(-20456.1, -19579.15]","(-16191.8, -15064.2]","(-14926.9, -13423.35]","(-26622.4, -26354.3]","(-1979.0, -298.2]","(20033.4, 21625.1]","(-9879.5, -7036.4]","(-1798.55, 249.4]","(3487.4, 5974.6]","(-11211.6, -9086.55]","(-13003.0, -11936.6]","(-1678.7, 249.25]","(-19039.75, -17994.5]","(-32690.4, -32690.0]","(-24526.95, -23317.9]","(-16804.772, -15286.4]","(-11073.8, -9181.4]","(-28945.7, -28669.6]","(-17461.1, -16751.8]","(31832.3, 32767.0]","(-8268.6, -7933.25]","(-21807.234, -20469.3]","(-2843.8, -1080.0]","(-23083.25, -21921.9]","(-19426.55, -18585.4]","(-22906.72, -21799.0]","(12137.8, 13388.6]",3.3899999999999997,1,1
"(-7781.0, -7215.0]","(-12871.0, -11678.5]","(-20456.1, -19579.15]","(-16191.8, -15064.2]","(-14926.9, -13423.35]","(-26622.4, -26354.3]","(-1979.0, -298.2]","(20033.4, 21625.1]","(-9879.5, -7036.4]","(-1798.55, 249.4]","(3487.4, 5974.6]","(-11211.6, -9086.55]","(-13003.0, -11936.6]","(-1678.7, 249.25]","(-19039.75, -17994.5]","(-32690.4, -32690.0]","(-24526.95, -23317.9]","(-16804.772, -15286.4]","(-11073.8, -9181.4]","(-28945.7, -28669.6]","(-17461.1, -16751.8]","(31832.3, 32767.0]","(-8268.6, -7933.25]","(-21807.234, -20469.3]","(-2843.8, -1080.0]","(-23083.25, -21921.9]","(-19426.55, -18585.4]","(-22906.72, -21799.0]","(12137.8, 13388.6]",3.42,1,1
"(-7781.0, -7215.0]","(-12871.0, -11678.5]","(-20456.1, -19579.15]","(-16191.8, -15064.2]","(-14926.9, -13423.35]","(-26622.4, -26354.3]","(-1979.0, -298.2]","(20033.4, 21625.1]","(-9879.5, -7036.4]","(-1798.55, 249.4]","(3487.4, 5974.6]","(-11211.6, -9086.55]","(-13003.0, -11936.6]","(-1678.7, 249.25]","(-19039.75, -17994.5]","(-32691.2, -32690.8]","(-24526.95, -23317.9]","(-16804.772, -15286.4]","(-11073.8, -9181.4]","(-28945.7, -28669.6]","(-17461.1, -16751.8]","(31832.3, 32767.0]","(-8268.6, -7933.25]","(-21807.234, -20469.3]","(-2843.8, -1080.0]","(-23083.25, -21921.9]","(-19426.55, -18585.4]","(-22906.72, -21799.0]","(12137.8, 13388.6]",3.4499999999999997,1,1
"(-7781.0, -7215.0]","(-12871.0, -11678.5]","(-20456.1, -19579.15]","(-16191.8, -15064.2]","(-14926.9, -13423.35]","(-26622.4, -26354.3]","(-1979.0, -298.2]","(20033.4, 21625.1]","(-9879.5, -7036.4]","(-1798.55, 249.4]","(3487.4, 5974.6]","(-11211.6, -9086.55]","(-13003.0, -11936.6]","(-1678.7, 249.25]","(-19039.75, -17994.5]","(-32690.4, -32690.0]","(-24526.95, -23317.9]","(-16804.772, -15286.4]","(-11073.8, -9181.4]","(-28945.7, -28669.6]","(-17461.1, -16751.8]","(31832.3, 32767.0]","(-8268.6, -7933.25]","(-21807.234, -20469.3]","(-2843.8, -1080.0]","(-23083.25, -21921.9]","(-19426.55, -18585.4]","(-22906.72, -21799.0]","(12137.8, 13388.6]",3.48,1,1
"(-7781.0, -7215.0]","(-12871.0, -11678.5]","(-20456.1, -19579.15]","(-16191.8, -15064.2]","(-14926.9, -13423.35]","(-26622.4, -26354.3]","(-1979.0, -298.2]","(20033.4, 21625.1]","(-9879.5, -7036.4]","(-1798.55, 249.4]","(3487.4, 5974.6]","(-11211.6, -9086.55]","(-13003.0, -11936.6]","(-1678.7, 249.25]","(-19039.75, -17994.5]","(-32691.2, -32690.8]","(-24526.95, -23317.9]","(-16804.772, -15286.4]","(-11073.8, -9181.4]","(-28945.7, -28669.6]","(-17461.1, -16751.8]","(31832.3, 32767.0]","(-8268.6, -7933.25]","(-21807.234, -20469.3]","(-2843.8, -1080.0]","(-23083.25, -21921.9]","(-19426.55, -18585.4]","(-22906.72, -21799.0]","(12137.8, 13388.6]",3.51,1,1
"(-7781.0, -7215.0]","(-11678.5, -10486.0]","(-20456.1, -19579.15]","(-16191.8, -15064.2]","(-14926.9, -13423.35]","(-26622.4, -26354.3]","(-1979.0, -298.2]","(20033.4, 21625.1]","(-9879.5, -7036.4]","(-1798.55, 249.4]","(3487.4, 5974.6]","(-11211.6, -9086.55]","(-13003.0, -11936.6]","(-1678.7, 249.25]","(-19039.75, -17994.5]","(-32691.2, -32690.8]","(-24526.95, -23317.9]","(-16804.772, -15286.4]","(-11073.8, -9181.4]","(-28945.7, -28669.6]","(-17461.1, -16751.8]","(31832.3, 32767.0]","(-8268.6, -7933.25]","(-21807.234, -20469.3]","(-2843.8, -1080.0]","(-23083.25, -21921.9]","(-19426.55, -18585.4]","(-22906.72, -21799.0]","(12137.8, 13388.6]",3.54,1,1
"(-7781.0, -7215.0]","(-11678.5, -10486.0]","(-20456.1, -19579.15]","(-16191.8, -15064.2]","(-14926.9, -13423.35]","(-26622.4, -26354.3]","(-1979.0, -298.2]","(20033.4, 21625.1]","(-9879.5, -7036.4]","(-1798.55, 249.4]","(3487.4, 5974.6]","(-11211.6, -9086.55]","(-13003.0, -11936.6]","(-1678.7, 249.25]","(-19039.75, -17994.5]","(-32690.4, -32690.0]","(-24526.95, -23317.9]","(-16804.772, -15286.4]","(-11073.8, -9181.4]","(-28945.7, -28669.6]","(-17461.1, -16751.8]","(31832.3, 32767.0]","(-8268.6, -7933.25]","(-21807.234, -20469.3]","(-2843.8, -1080.0]","(-23083.25, -21921.9]","(-19426.55, -18585.4]","(-22906.72, -21799.0]","(12137.8, 13388.6]",3.57,1,1
"(-7781.0, -7215.0]","(-11678.5, -10486.0]","(-20456.1, -19579.15]","(-16191.8, -15064.2]","(-14926.9, -13423.35]","(-26622.4, -26354.3]","(-1979.0, -298.2]","(20033.4, 21625.1]","(-9879.5, -7036.4]","(-1798.55, 249.4]","(3487.4, 5974.6]","(-11211.6, -9086.55]","(-13003.0, -11936.6]","(-1678.7, 249.25]","(-19039.75, -17994.5]","(-32690.4, -32690.0]","(-24526.95, -23317.9]","(-16804.772, -15286.4]","(-11073.8, -9181.4]","(-28945.7, -28669.6]","(-17461.1, -16751.8]","(31832.3, 32767.0]","(-8268.6, -7933.25]","(-21807.234, -20469.3]","(-2843.8, -1080.0]","(-23083.25, -21921.9]","(-19426.55, -18585.4]","(-22906.72, -21799.0]","(12137.8, 13388.6]",3.5999999999999996,1,1
"(-7781.0, -7215.0]","(-11678.5, -10486.0]","(-20456.1, -19579.15]","(-16191.8, -15064.2]","(-14926.9, -13423.35]","(-26622.4, -26354.3]","(-1979.0, -298.2]","(20033.4, 21625.1]","(-9879.5, -7036.4]","(-1798.55, 249.4]","(3487.4, 5974.6]","(-11211.6, -9086.55]","(-13003.0, -11936.6]","(-1678.7, 249.25]","(-19039.75, -17994.5]","(-32690.4, -32690.0]","(-24526.95, -23317.9]","(-16804.772, -15286.4]","(-11073.8, -9181.4]","(-28945.7, -28669.6]","(-17461.1, -16751.8]","(31832.3, 32767.0]","(-8268.6, -7933.25]","(-21807.234, -20469.3]","(-2843.8, -1080.0]","(-23083.25, -21921.9]","(-19426.55, -18585.4]","(-22906.72, -21799.0]","(12137.8, 13388.6]",3.63,1,1
"(-7781.0, -7215.0]","(-11678.5, -10486.0]","(-20456.1, -19579.15]","(-16191.8, -15064.2]","(-14926.9, -13423.35]","(-26622.4, -26354.3]","(-1979.0, -298.2]","(20033.4, 21625.1]","(-9879.5, -7036.4]","(-1798.55, 249.4]","(3487.4, 5974.6]","(-11211.6, -9086.55]","(-13003.0, -11936.6]","(-1678.7, 249.25]","(-19039.75, -17994.5]","(-32689.2, -32688.8]","(-24526.95, -23317.9]","(-16804.772, -15286.4]","(-11073.8, -9181.4]","(-28945.7, -28669.6]","(-17461.1, -16751.8]","(31832.3, 32767.0]","(-8268.6, -7933.25]","(-21807.234, -20469.3]","(-1080.0, 683.8]","(-23083.25, -21921.9]","(-19426.55, -18585.4]","(-22906.72, -21799.0]","(12137.8, 13388.6]",3.6599999999999997,1,1
"(-7781.0, -7215.0]","(-11678.5, -10486.0]","(-20456.1, -19579.15]","(-16191.8, -15064.2]","(-14926.9, -13423.35]","(-26622.4, -26354.3]","(-1979.0, -298.2]","(20033.4, 21625.1]","(-9879.5, -7036.4]","(-1798.55, 249.4]","(3487.4, 5974.6]","(-11211.6, -9086.55]","(-13003.0, -11936.6]","(-1678.7, 249.25]","(-19039.75, -17994.5]","(-32690.4, -32690.0]","(-24526.95, -23317.9]","(-16804.772, -15286.4]","(-11073.8, -9181.4]","(-28945.7, -28669.6]","(-17461.1, -16751.8]","(31832.3, 32767.0]","(-8268.6, -7933.25]","(-21807.234, -20469.3]","(-1080.0, 683.8]","(-23083.25, -21921.9]","(-19426.55, -18585.4]","(-22906.72, -21799.0]","(12137.8, 13388.6]",3.69,1,1
"(-7781.0, -7215.0]","(-11678.5, -10486.0]","(-20456.1, -19579.15]","(-16191.8, -15064.2]","(-14926.9, -13423.35]","(-26622.4, -26354.3]","(-1979.0, -298.2]","(20033.4, 21625.1]","(-9879.5, -7036.4]","(-1798.55, 249.4]","(3487.4, 5974.6]","(-11211.6, -9086.55]","(-13003.0, -11936.6]","(-1678.7, 249.25]","(-19039.75, -17994.5]","(-32690.4, -32690.0]","(-24526.95, -23317.9]","(-16804.772, -15286.4]","(-11073.8, -9181.4]","(-28945.7, -28669.6]","(-17461.1, -16751.8]","(31832.3, 32767.0]","(-8268.6, -7933.25]","(-21807.234, -20469.3]","(-1080.0, 683.8]","(-23083.25, -21921.9]","(-19426.55, -18585.4]","(-22906.72, -21799.0]","(12137.8, 13388.6]",3.7199999999999998,1,1
"(-7781.0, -7215.0]","(-11678.5, -10486.0]","(-20456.1, -19579.15]","(-16191.8, -15064.2]","(-14926.9, -13423.35]","(-26622.4, -26354.3]","(-1979.0, -298.2]","(20033.4, 21625.1]","(-9879.5, -7036.4]","(-1798.55, 249.4]","(3487.4, 5974.6]","(-11211.6, -9086.55]","(-13003.0, -11936.6]","(-1678.7, 249.25]","(-19039.75, -17994.5]","(-32692.4, -32692.0]","(-24526.95, -23317.9]","(-16804.772, -15286.4]","(-9181.4, -7289.0]","(-28945.7, -28669.6]","(-16751.8, -16042.5]","(31832.3, 32767.0]","(-8268.6, -7933.25]","(-21807.234, -20469.3]","(-1080.0, 683.8]","(-23083.25, -21921.9]","(-19426.55, -18585.4]","(-22906.72, -21799.0]","(12137.8, 13388.6]",3.75,1,1
"(-7781.0, -7215.0]","(-10486.0, -9293.5]","(-20456.1, -19579.15]","(-16191.8, -15064.2]","(-14926.9, -13423.35]","(-26622.4, -26354.3]","(-1979.0, -298.2]","(20033.4, 21625.1]","(-9879.5, -7036.4]","(-1798.55, 249.4]","(3487.4, 5974.6]","(-11211.6, -9086.55]","(-13003.0, -11936.6]","(-1678.7, 249.25]","(-19039.75, -17994.5]","(-32690.4, -32690.0]","(-24526.95, -23317.9]","(-16804.772, -15286.4]","(-9181.4, -7289.0]","(-28945.7, -28669.6]","(-16751.8, -16042.5]","(31832.3, 32767.0]","(-8268.6, -7933.25]","(-21807.234, -20469.3]","(-1080.0, 683.8]","(-23083.25, -21921.9]","(-19426.55, -18585.4]","(-22906.72, -21799.0]","(12137.8, 13388.6]",3.78,1,1
"(-7781.0, -7215.0]","(-10486.0, -9293.5]","(-20456.1, -19579.15]","(-16191.8, -15064.2]","(-14926.9, -13423.35]","(-26622.4, -26354.3]","(-1979.0, -298.2]","(20033.4, 21625.1]","(-9879.5, -7036.4]","(-1798.55, 249.4]","(3487.4, 5974.6]","(-11211.6, -9086.55]","(-13003.0, -11936.6]","(-1678.7, 249.25]","(-19039.75, -17994.5]","(-32691.2, -32690.8]","(-24526.95, -23317.9]","(-16804.772, -15286.4]","(-9181.4, -7289.0]","(-28945.7, -28669.6]","(-16751.8, -16042.5]","(31832.3, 32767.0]","(-8268.6, -7933.25]","(-21807.234, -20469.3]","(-1080.0, 683.8]","(-23083.25, -21921.9]","(-19426.55, -18585.4]","(-22906.72, -21799.0]","(12137.8, 13388.6]",3.81,1,1
"(-7781.0, -7215.0]","(-10486.0, -9293.5]","(-20456.1, -19579.15]","(-16191.8, -15064.2]","(-14926.9, -13423.35]","(-26622.4, -26354.3]","(-1979.0, -298.2]","(20033.4, 21625.1]","(-9879.5, -7036.4]","(-1798.55, 249.4]","(3487.4, 5974.6]","(-11211.6, -9086.55]","(-13003.0, -11936.6]","(-1678.7, 249.25]","(-19039.75, -17994.5]","(-32690.4, -32690.0]","(-24526.95, -23317.9]","(-16804.772, -15286.4]","(-9181.4, -7289.0]","(-28945.7, -28669.6]","(-16751.8, -16042.5]","(31832.3, 32767.0]","(-8268.6, -7933.25]","(-21807.234, -20469.3]","(-1080.0, 683.8]","(-23083.25, -21921.9]","(-19426.55, -18585.4]","(-22906.72, -21799.0]","(12137.8, 13388.6]",3.84,1,1
"(-7781.0, -7215.0]","(-10486.0, -9293.5]","(-20456.1, -19579.15]","(-15064.2, -13936.6]","(-14926.9, -13423.35]","(-26622.4, -26354.3]","(-1979.0, -298.2]","(20033.4, 21625.1]","(-9879.5, -7036.4]","(249.4, 2297.35]","(3487.4, 5974.6]","(-11211.6, -9086.55]","(-13003.0, -11936.6]","(-1678.7, 249.25]","(-19039.75, -17994.5]","(-32691.2, -32690.8]","(-24526.95, -23317.9]","(-16804.772, -15286.4]","(-9181.4, -7289.0]","(-28945.7, -28669.6]","(-16751.8, -16042.5]","(31832.3, 32767.0]","(-8268.6, -7933.25]","(-21807.234, -20469.3]","(-1080.0, 683.8]","(-23083.25, -21921.9]","(-19426.55, -18585.4]","(-22906.72, -21799.0]","(12137.8, 13388.6]",3.8699999999999997,1,1
"(-7781.0, -7215.0]","(-10486.0, -9293.5]","(-20456.1, -19579.15]","(-15064.2, -13936.6]","(-14926.9, -13423.35]","(-26622.4, -26354.3]","(-1979.0, -298.2]","(20033.4, 21625.1]","(-9879.5, -7036.4]","(249.4, 2297.35]","(3487.4, 5974.6]","(-11211.6, -9086.55]","(-13003.0, -11936.6]","(-1678.7, 249.25]","(-19039.75, -17994.5]","(-32691.2, -32690.8]","(-24526.95, -23317.9]","(-16804.772, -15286.4]","(-9181.4, -7289.0]","(-28945.7, -28669.6]","(-16751.8, -16042.5]","(31832.3, 32767.0]","(-8268.6, -7933.25]","(-21807.234, -20469.3]","(-1080.0, 683.8]","(-23083.25, -21921.9]","(-19426.55, -18585.4]","(-22906.72, -21799.0]","(12137.8, 13388.6]",3.9,1,1
"(-7781.0, -7215.0]","(-9293.5, -8101.0]","(-20456.1, -19579.15]","(-15064.2, -13936.6]","(-14926.9, -13423.35]","(-26622.4, -26354.3]","(-1979.0, -298.2]","(20033.4, 21625.1]","(-9879.5, -7036.4]","(249.4, 2297.35]","(3487.4, 5974.6]","(-11211.6, -9086.55]","(-13003.0, -11936.6]","(-1678.7, 249.25]","(-19039.75, -17994.5]","(-32690.4, -32690.0]","(-24526.95, -23317.9]","(-16804.772, -15286.4]","(-9181.4, -7289.0]","(-28945.7, -28669.6]","(-16751.8, -16042.5]","(31832.3, 32767.0]","(-8268.6, -7933.25]","(-21807.234, -20469.3]","(-1080.0, 683.8]","(-23083.25, -21921.9]","(-19426.55, -18585.4]","(-22906.72, -21799.0]","(12137.8, 13388.6]",3.9299999999999997,1,1
"(-7781.0, -7215.0]","(-9293.5, -8101.0]","(-20456.1, -19579.15]","(-15064.2, -13936.6]","(-14926.9, -13423.35]","(-26622.4, -26354.3]","(-1979.0, -298.2]","(20033.4, 21625.1]","(-9879.5, -7036.4]","(249.4, 2297.35]","(3487.4, 5974.6]","(-11211.6, -9086.55]","(-13003.0, -11936.6]","(-1678.7, 249.25]","(-19039.75, -17994.5]","(-32691.2, -32690.8]","(-24526.95, -23317.9]","(-16804.772, -15286.4]","(-9181.4, -7289.0]","(-28945.7, -28669.6]","(-16751.8, -16042.5]","(31832.3, 32767.0]","(-8268.6, -7933.25]","(-21807.234, -20469.3]","(-1080.0, 683.8]","(-23083.25, -21921.9]","(-19426.55, -18585.4]","(-22906.72, -21799.0]","(12137.8, 13388.6]",3.96,1,1
"(-7781.0, -7215.0]","(-9293.5, -8101.0]","(-20456.1, -19579.15]","(-15064.2, -13936.6]","(-14926.9, -13423.35]","(-26622.4, -26354.3]","(-1979.0, -298.2]","(20033.4, 21625.1]","(-9879.5, -7036.4]","(249.4, 2297.35]","(3487.4, 5974.6]","(-11211.6, -9086.55]","(-13003.0, -11936.6]","(-1678.7, 249.25]","(-19039.75, -17994.5]","(-32690.4, -32690.0]","(-24526.95, -23317.9]","(-16804.772, -15286.4]","(-9181.4, -7289.0]","(-28945.7, -28669.6]","(-16751.8, -16042.5]","(31832.3, 32767.0]","(-8268.6, -7933.25]","(-21807.234, -20469.3]","(-1080.0, 683.8]","(-23083.25, -21921.9]","(-19426.55, -18585.4]","(-22906.72, -21799.0]","(12137.8, 13388.6]",3.9899999999999998,1,1
"(-7781.0, -7215.0]","(-9293.5, -8101.0]","(-20456.1, -19579.15]","(-15064.2, -13936.6]","(-14926.9, -13423.35]","(-26622.4, -26354.3]","(-1979.0, -298.2]","(20033.4, 21625.1]","(-9879.5, -7036.4]","(249.4, 2297.35]","(3487.4, 5974.6]","(-11211.6, -9086.55]","(-13003.0, -11936.6]","(-1678.7, 249.25]","(-19039.75, -17994.5]","(-32690.4, -32690.0]","(-24526.95, -23317.9]","(-16804.772, -15286.4]","(-9181.4, -7289.0]","(-28945.7, -28669.6]","(-16751.8, -16042.5]","(31832.3, 32767.0]","(-8268.6, -7933.25]","(-21807.234, -20469.3]","(683.8, 2447.6]","(-23083.25, -21921.9]","(-19426.55, -18585.4]","(-22906.72, -21799.0]","(12137.8, 13388.6]",4.02,1,1
"(-7781.0, -7215.0]","(-9293.5, -8101.0]","(-20456.1, -19579.15]","(-15064.2, -13936.6]","(-13423.35, -11919.8]","(-26622.4, -26354.3]","(-1979.0, -298.2]","(20033.4, 21625.1]","(-7036.4, -4193.3]","(249.4, 2297.35]","(3487.4, 5974.6]","(-11211.6, -9086.55]","(-13003.0, -11936.6]","(-1678.7, 249.25]","(-19039.75, -17994.5]","(-32691.2, -32690.8]","(-24526.95, -23317.9]","(-16804.772, -15286.4]","(-9181.4, -7289.0]","(-28945.7, -28669.6]","(-16751.8, -16042.5]","(31832.3, 32767.0]","(-8268.6, -7933.25]","(-21807.234, -20469.3]","(683.8, 2447.6]","(-23083.25, -21921.9]","(-19426.55, -18585.4]","(-22906.72, -21799.0]","(12137.8, 13388.6]",4.05,1,1
"(-7781.0, -7215.0]","(-9293.5, -8101.0]","(-20456.1, -19579.15]","(-15064.2, -13936.6]","(-13423.35, -11919.8]","(-26622.4, -26354.3]","(-1979.0, -298.2]","(20033.4, 21625.1]","(-7036.4, -4193.3]","(249.4, 2297.35]","(3487.4, 5974.6]","(-11211.6, -9086.55]","(-13003.0, -11936.6]","(-1678.7, 249.25]","(-17994.5, -16949.25]","(-32690.4, -32690.0]","(-24526.95, -23317.9]","(-16804.772, -15286.4]","(-7289.0, -5396.6]","(-28945.7, -28669.6]","(-16751.8, -16042.5]","(31832.3, 32767.0]","(-8268.6, -7933.25]","(-21807.234, -20469.3]","(683.8, 2447.6]","(-23083.25, -21921.9]","(-19426.55, -18585.4]","(-22906.72, -21799.0]","(12137.8, 13388.6]",4.08,1,1
"(-7781.0, -7215.0]","(-9293.5, -8101.0]","(-20456.1, -19579.15]","(-15064.2, -13936.6]","(-13423.35, -11919.8]","(-26622.4, -26354.3]","(-1979.0, -298.2]","(20033.4, 21625.1]","(-7036.4, -4193.3]","(249.4, 2297.35]","(3487.4, 5974.6]","(-11211.6, -9086.55]","(-13003.0, -11936.6]","(-1678.7, 249.25]","(-19039.75, -17994.5]","(-32690.4, -32690.0]","(-24526.95, -23317.9]","(-16804.772, -15286.4]","(-7289.0, -5396.6]","(-28945.7, -28669.6]","(-16042.5, -15333.2]","(31832.3, 32767.0]","(-8268.6, -7933.25]","(-21807.234, -20469.3]","(683.8, 2447.6]","(-23083.25, -21921.9]","(-19426.55, -18585.4]","(-22906.72, -21799.0]","(12137.8, 13388.6]",4.109999999999999,1,1
"(-7781.0, -7215.0]","(-9293.5, -8101.0]","(-20456.1, -19579.15]","(-15064.2, -13936.6]","(-13423.35, -11919.8]","(-26622.4, -26354.3]","(-1979.0, -298.2]","(20033.4, 21625.1]","(-7036.4, -4193.3]","(249.4, 2297.35]","(3487.4, 5974.6]","(-11211.6, -9086.55]","(-13003.0, -11936.6]","(-1678.7, 249.25]","(-19039.75, -17994.5]","(-32690.4, -32690.0]","(-24526.95, -23317.9]","(-15286.4, -13797.8]","(-7289.0, -5396.6]","(-28945.7, -28669.6]","(-16042.5, -15333.2]","(31832.3, 32767.0]","(-8268.6, -7933.25]","(-21807.234, -20469.3]","(683.8, 2447.6]","(-23083.25, -21921.9]","(-19426.55, -18585.4]","(-22906.72, -21799.0]","(12137.8, 13388.6]",4.14,1,1
"(-7781.0, -7215.0]","(-9293.5, -8101.0]","(-20456.1, -19579.15]","(-15064.2, -13936.6]","(-13423.35, -11919.8]","(-26622.4, -26354.3]","(-1979.0, -298.2]","(20033.4, 21625.1]","(-7036.4, -4193.3]","(249.4, 2297.35]","(3487.4, 5974.6]","(-11211.6, -9086.55]","(-13003.0, -11936.6]","(-1678.7, 249.25]","(-17994.5, -16949.25]","(-32691.2, -32690.8]","(-24526.95, -23317.9]","(-15286.4, -13797.8]","(-7289.0, -5396.6]","(-28945.7, -28669.6]","(-16042.5, -15333.2]","(31832.3, 32767.0]","(-8268.6, -7933.25]","(-21807.234, -20469.3]","(683.8, 2447.6]","(-23083.25, -21921.9]","(-19426.55, -18585.4]","(-22906.72, -21799.0]","(12137.8, 13388.6]",4.17,1,1
"(-7781.0, -7215.0]","(-9293.5, -8101.0]","(-20456.1, -19579.15]","(-15064.2, -13936.6]","(-13423.35, -11919.8]","(-26622.4, -26354.3]","(-1979.0, -298.2]","(20033.4, 21625.1]","(-7036.4, -4193.3]","(249.4, 2297.35]","(3487.4, 5974.6]","(-11211.6, -9086.55]","(-13003.0, -11936.6]","(-1678.7, 249.25]","(-19039.75, -17994.5]","(-32690.4, -32690.0]","(-24526.95, -23317.9]","(-15286.4, -13797.8]","(-7289.0, -5396.6]","(-28945.7, -28669.6]","(-16042.5, -15333.2]","(31832.3, 32767.0]","(-8268.6, -7933.25]","(-21807.234, -20469.3]","(683.8, 2447.6]","(-23083.25, -21921.9]","(-19426.55, -18585.4]","(-22906.72, -21799.0]","(12137.8, 13388.6]",4.2,1,1
"(-7781.0, -7215.0]","(-9293.5, -8101.0]","(-20456.1, -19579.15]","(-15064.2, -13936.6]","(-13423.35, -11919.8]","(-26622.4, -26354.3]","(-1979.0, -298.2]","(20033.4, 21625.1]","(-7036.4, -4193.3]","(249.4, 2297.35]","(3487.4, 5974.6]","(-11211.6, -9086.55]","(-13003.0, -11936.6]","(-1678.7, 249.25]","(-19039.75, -17994.5]","(-32692.4, -32692.0]","(-24526.95, -23317.9]","(-15286.4, -13797.8]","(-7289.0, -5396.6]","(-28945.7, -28669.6]","(-16042.5, -15333.2]","(31832.3, 32767.0]","(-8268.6, -7933.25]","(-21807.234, -20469.3]","(683.8, 2447.6]","(-23083.25, -21921.9]","(-19426.55, -18585.4]","(-22906.72, -21799.0]","(12137.8, 13388.6]",4.2299999999999995,1,1
"(-7781.0, -7215.0]","(-8101.0, -6908.5]","(-20456.1, -19579.15]","(-15064.2, -13936.6]","(-13423.35, -11919.8]","(-26622.4, -26354.3]","(-1979.0, -298.2]","(20033.4, 21625.1]","(-7036.4, -4193.3]","(249.4, 2297.35]","(3487.4, 5974.6]","(-11211.6, -9086.55]","(-13003.0, -11936.6]","(-1678.7, 249.25]","(-19039.75, -17994.5]","(-32690.4, -32690.0]","(-24526.95, -23317.9]","(-15286.4, -13797.8]","(-7289.0, -5396.6]","(-28945.7, -28669.6]","(-16042.5, -15333.2]","(31832.3, 32767.0]","(-8268.6, -7933.25]","(-21807.234, -20469.3]","(683.8, 2447.6]","(-23083.25, -21921.9]","(-19426.55, -18585.4]","(-22906.72, -21799.0]","(12137.8, 13388.6]",4.26,1,1
"(-7781.0, -7215.0]","(-8101.0, -6908.5]","(-20456.1, -19579.15]","(-15064.2, -13936.6]","(-13423.35, -11919.8]","(-26622.4, -26354.3]","(-1979.0, -298.2]","(20033.4, 21625.1]","(-7036.4, -4193.3]","(249.4, 2297.35]","(3487.4, 5974.6]","(-11211.6, -9086.55]","(-13003.0, -11936.6]","(-1678.7, 249.25]","(-19039.75, -17994.5]","(-32691.2, -32690.8]","(-24526.95, -23317.9]","(-15286.4, -13797.8]","(-7289.0, -5396.6]","(-28945.7, -28669.6]","(-16042.5, -15333.2]","(31832.3, 32767.0]","(-8268.6, -7933.25]","(-21807.234, -20469.3]","(683.8, 2447.6]","(-23083.25, -21921.9]","(-19426.55, -18585.4]","(-22906.72, -21799.0]","(12137.8, 13388.6]",4.29,1,1
"(-7781.0, -7215.0]","(-9293.5, -8101.0]","(-20456.1, -19579.15]","(-15064.2, -13936.6]","(-13423.35, -11919.8]","(-26622.4, -26354.3]","(-1979.0, -298.2]","(20033.4, 21625.1]","(-7036.4, -4193.3]","(249.4, 2297.35]","(3487.4, 5974.6]","(-11211.6, -9086.55]","(-13003.0, -11936.6]","(-1678.7, 249.25]","(-19039.75, -17994.5]","(-32691.2, -32690.8]","(-24526.95, -23317.9]","(-15286.4, -13797.8]","(-7289.0, -5396.6]","(-28945.7, -28669.6]","(-16042.5, -15333.2]","(31832.3, 32767.0]","(-8268.6, -7933.25]","(-21807.234, -20469.3]","(683.8, 2447.6]","(-23083.25, -21921.9]","(-19426.55, -18585.4]","(-22906.72, -21799.0]","(12137.8, 13388.6]",4.32,1,1
"(-7781.0, -7215.0]","(-8101.0, -6908.5]","(-20456.1, -19579.15]","(-15064.2, -13936.6]","(-13423.35, -11919.8]","(-26622.4, -26354.3]","(-1979.0, -298.2]","(20033.4, 21625.1]","(-7036.4, -4193.3]","(2297.35, 4345.3]","(3487.4, 5974.6]","(-11211.6, -9086.55]","(-14069.4, -13003.0]","(-1678.7, 249.25]","(-19039.75, -17994.5]","(-32691.2, -32690.8]","(-24526.95, -23317.9]","(-15286.4, -13797.8]","(-7289.0, -5396.6]","(-28945.7, -28669.6]","(-16042.5, -15333.2]","(31832.3, 32767.0]","(-8268.6, -7933.25]","(-21807.234, -20469.3]","(683.8, 2447.6]","(-23083.25, -21921.9]","(-19426.55, -18585.4]","(-22906.72, -21799.0]","(12137.8, 13388.6]",4.35,1,1
"(-7781.0, -7215.0]","(-8101.0, -6908.5]","(-20456.1, -19579.15]","(-15064.2, -13936.6]","(-13423.35, -11919.8]","(-26622.4, -26354.3]","(-1979.0, -298.2]","(20033.4, 21625.1]","(-7036.4, -4193.3]","(2297.35, 4345.3]","(3487.4, 5974.6]","(-11211.6, -9086.55]","(-13003.0, -11936.6]","(-1678.7, 249.25]","(-19039.75, -17994.5]","(-32690.4, -32690.0]","(-24526.95, -23317.9]","(-15286.4, -13797.8]","(-7289.0, -5396.6]","(-28945.7, -28669.6]","(-16042.5, -15333.2]","(31832.3, 32767.0]","(-8268.6, -7933.25]","(-21807.234, -20469.3]","(683.8, 2447.6]","(-23083.25, -21921.9]","(-19426.55, -18585.4]","(-22906.72, -21799.0]","(12137.8, 13388.6]",4.38,1,1
"(-7781.0, -7215.0]","(-8101.0, -6908.5]","(-20456.1, -19579.15]","(-15064.2, -13936.6]","(-13423.35, -11919.8]","(-26622.4, -26354.3]","(-1979.0, -298.2]","(20033.4, 21625.1]","(-7036.4, -4193.3]","(2297.35, 4345.3]","(3487.4, 5974.6]","(-11211.6, -9086.55]","(-14069.4, -13003.0]","(-1678.7, 249.25]","(-19039.75, -17994.5]","(-32691.2, -32690.8]","(-24526.95, -23317.9]","(-15286.4, -13797.8]","(-7289.0, -5396.6]","(-28945.7, -28669.6]","(-16042.5, -15333.2]","(31832.3, 32767.0]","(-8268.6, -7933.25]","(-21807.234, -20469.3]","(683.8, 2447.6]","(-23083.25, -21921.9]","(-19426.55, -18585.4]","(-22906.72, -21799.0]","(12137.8, 13388.6]",4.41,1,1
"(-7781.0, -7215.0]","(-8101.0, -6908.5]","(-20456.1, -19579.15]","(-15064.2, -13936.6]","(-13423.35, -11919.8]","(-26622.4, -26354.3]","(-1979.0, -298.2]","(20033.4, 21625.1]","(-7036.4, -4193.3]","(2297.35, 4345.3]","(3487.4, 5974.6]","(-11211.6, -9086.55]","(-13003.0, -11936.6]","(-1678.7, 249.25]","(-19039.75, -17994.5]","(-32690.4, -32690.0]","(-24526.95, -23317.9]","(-15286.4, -13797.8]","(-7289.0, -5396.6]","(-28945.7, -28669.6]","(-16042.5, -15333.2]","(31832.3, 32767.0]","(-8268.6, -7933.25]","(-21807.234, -20469.3]","(683.8, 2447.6]","(-23083.25, -21921.9]","(-19426.55, -18585.4]","(-22906.72, -21799.0]","(12137.8, 13388.6]",4.4399999999999995,1,1
"(-7781.0, -7215.0]","(-8101.0, -6908.5]","(-20456.1, -19579.15]","(-15064.2, -13936.6]","(-13423.35, -11919.8]","(-26622.4, -26354.3]","(-1979.0, -298.2]","(20033.4, 21625.1]","(-7036.4, -4193.3]","(2297.35, 4345.3]","(3487.4, 5974.6]","(-11211.6, -9086.55]","(-13003.0, -11936.6]","(-1678.7, 249.25]","(-19039.75, -17994.5]","(-32692.4, -32692.0]","(-24526.95, -23317.9]","(-15286.4, -13797.8]","(-7289.0, -5396.6]","(-28945.7, -28669.6]","(-16042.5, -15333.2]","(31832.3, 32767.0]","(-8268.6, -7933.25]","(-21807.234, -20469.3]","(683.8, 2447.6]","(-23083.25, -21921.9]","(-19426.55, -18585.4]","(-22906.72, -21799.0]","(12137.8, 13388.6]",4.47,1,1
